Hkjcres16Item__url,Hkjcres16Item__raceindex,Hkjcres16Item__raceclass,Hkjcres16Item__going,Hkjcres16Item__courseconfig,Hkjcres16Item__racedistance,Hkjcres16Item__finishtime,Hkjcres16Item__win_combo_div,Hkjcres16Item__place_combo_div,Hkjcres16Item__qn_combo_div,Hkjcres16Item__qnp_combo_div,Hkjcres16Item__tce_combo_div,Hkjcres16Item__trio_combo_div,Hkjcres16Item__f4_combo_div,Hkjcres16Item__qtt_combo_div,Hkjcres16Item__dbl9_combo_div,Hkjcres16Item__dbl8_combo_div,Hkjcres16Item__dbl7_combo_div,Hkjcres16Item__dbl6_combo_div,Hkjcres16Item__dbl5_combo_div,Hkjcres16Item__dbl4_combo_div,Hkjcres16Item__dbl3_combo_div,Hkjcres16Item__dbl2_combo_div,Hkjcres16Item__dbl1_combo_div,Hkjcres16Item__dbl10_combo_div,Hkjcres16Item__dbltrio1_combo_div,Hkjcres16Item__dbltrio2_combo_div,Hkjcres16Item__dbltrio3_combo_div,Hkjcres16Item__tripletriocons_combo_div,Hkjcres16Item__tripletrio_combo_div,Hkjcres16Item__sixup_combo_div,Hkjcres16Item__jockeychallenge_combo_div,Hkjcres16Item__a1_div,Hkjcres16Item__a2_div,Hkjcres16Item__a3_div,HorseItem__racecoursecode,HorseItem__racenumber,HorseItem__racedate,HorseItem__horseno,HorseItem__place,HorseItem__finishtime,HorseItem__horsecode,HorseItem__runningpositions,HorseItem__actualwt,HorseItem__jockeycode,HorseItem__trainercode,HorseItem__lbw,HorseItem__horsewt,HorseItem__winodds,HorseItem__draw,HorseItem__sec_timelist,HorseItem__marginsbehindleader
http://racing.hkjc.com/racing/Info/Meeting/Results/English/Local/20160120/HV/3,340,Class 4,GOOD,"TURF - ""C"" COURSE",2200,138.14,6 28.50,6 14.50,"4,6 79.50","4,6 33.00","6,4,12 934.00","4,6,12 216.00","4,6,11,12 1,435.00","6,4,12,11 16,189.00",,,,,,,,7/6 167.00,,,,,,,,,,19.50,NOT WIN,NOT WIN,HV,3,20160120,6,1,138.14,T230,2>1>1>1>1>1,130,MG,YPF,0.0,1165,2.8,9,,
http://racing.hkjc.com/racing/Info/Meeting/Results/English/Local/20160120/HV/3,340,Class 4,GOOD,"TURF - ""C"" COURSE",2200,138.14,6 28.50,6 14.50,"4,6 79.50","4,6 33.00","6,4,12 934.00","4,6,12 216.00","4,6,11,12 1,435.00","6,4,12,11 16,189.00",,,,,,,,7/6 167.00,,,,,,,,,,19.50,NOT WIN,NOT WIN,HV,3,20160120,12,3,138.81,P405,11>11>10>10>10>3,116,YML,LAL,4.25,1065,10.0,3,,
http://racing.hkjc.com/racing/Info/Meeting/Results/English/Local/20160120/HV/3,340,Class 4,GOOD,"TURF - ""C"" COURSE",2200,138.14,6 28.50,6 14.50,"4,6 79.50","4,6 33.00","6,4,12 934.00","4,6,12 216.00","4,6,11,12 1,435.00","6,4,12,11 16,189.00",,,,,,,,7/6 167.00,,,,,,,,,,19.50,NOT WIN,NOT WIN,HV,3,20160120,8,5,138.95,N323,7>5>2>2>2>5,128,RN,CCW,5.0,1126,15.0,10,,
http://racing.hkjc.com/racing/Info/Meeting/Results/English/Local/20160120/HV/3,340,Class 4,GOOD,"TURF - ""C"" COURSE",2200,138.14,6 28.50,6 14.50,"4,6 79.50","4,6 33.00","6,4,12 934.00","4,6,12 216.00","4,6,11,12 1,435.00","6,4,12,11 16,189.00",,,,,,,,7/6 167.00,,,,,,,,,,19.50,NOT WIN,NOT WIN,HV,3,20160120,9,7,139.2,S353,3>4>5>6>3>7,128,MR,SCS,6.75,1191,7.4,4,,
http://racing.hkjc.com/racing/Info/Meeting/Results/English/Local/20160120/HV/3,340,Class 4,GOOD,"TURF - ""C"" COURSE",2200,138.14,6 28.50,6 14.50,"4,6 79.50","4,6 33.00","6,4,12 934.00","4,6,12 216.00","4,6,11,12 1,435.00","6,4,12,11 16,189.00",,,,,,,,7/6 167.00,,,,,,,,,,19.50,NOT WIN,NOT WIN,HV,3,20160120,5,9,139.38,N438,8>9>8>7>5>9,130,TEK,FC,7.75,1095,9.3,2,,
http://racing.hkjc.com/racing/Info/Meeting/Results/English/Local/20160120/HV/3,340,Class 4,GOOD,"TURF - ""C"" COURSE",2200,138.14,6 28.50,6 14.50,"4,6 79.50","4,6 33.00","6,4,12 934.00","4,6,12 216.00","4,6,11,12 1,435.00","6,4,12,11 16,189.00",,,,,,,,7/6 167.00,,,,,,,,,,19.50,NOT WIN,NOT WIN,HV,3,20160120,2,11,142.14,T144,1>3>4>3>4>11,133,WD,JM,25.0,1048,40.0,5,,
http://racing.hkjc.com/racing/Info/Meeting/Results/English/Local/20160120/HV/3,340,Class 4,GOOD,"TURF - ""C"" COURSE",2200,138.14,6 28.50,6 14.50,"4,6 79.50","4,6 33.00","6,4,12 934.00","4,6,12 216.00","4,6,11,12 1,435.00","6,4,12,11 16,189.00",,,,,,,,7/6 167.00,,,,,,,,,,19.50,NOT WIN,NOT WIN,HV,3,20160120,4,2,138.78,M401,9>8>9>9>8>2,131,MOJ,OSP,4.0,1083,6.0,8,,
http://racing.hkjc.com/racing/Info/Meeting/Results/English/Local/20160120/HV/3,340,Class 4,GOOD,"TURF - ""C"" COURSE",2200,138.14,6 28.50,6 14.50,"4,6 79.50","4,6 33.00","6,4,12 934.00","4,6,12 216.00","4,6,11,12 1,435.00","6,4,12,11 16,189.00",,,,,,,,7/6 167.00,,,,,,,,,,19.50,NOT WIN,NOT WIN,HV,3,20160120,11,4,138.84,S438,10>10>11>11>9>4,124,SCC,YTP,4.25,1077,27.0,12,,
http://racing.hkjc.com/racing/Info/Meeting/Results/English/Local/20160120/HV/3,340,Class 4,GOOD,"TURF - ""C"" COURSE",2200,138.14,6 28.50,6 14.50,"4,6 79.50","4,6 33.00","6,4,12 934.00","4,6,12 216.00","4,6,11,12 1,435.00","6,4,12,11 16,189.00",,,,,,,,7/6 167.00,,,,,,,,,,19.50,NOT WIN,NOT WIN,HV,3,20160120,7,6,139.1,P272,12>12>12>12>12>6,129,FRA,FD,6.0,1040,48.0,11,,
http://racing.hkjc.com/racing/Info/Meeting/Results/English/Local/20160120/HV/3,340,Class 4,GOOD,"TURF - ""C"" COURSE",2200,138.14,6 28.50,6 14.50,"4,6 79.50","4,6 33.00","6,4,12 934.00","4,6,12 216.00","4,6,11,12 1,435.00","6,4,12,11 16,189.00",,,,,,,,7/6 167.00,,,,,,,,,,19.50,NOT WIN,NOT WIN,HV,3,20160120,1,8,139.31,S412,4>7>6>5>7>8,133,DSS,MA,7.25,1006,6.5,1,,
http://racing.hkjc.com/racing/Info/Meeting/Results/English/Local/20160120/HV/3,340,Class 4,GOOD,"TURF - ""C"" COURSE",2200,138.14,6 28.50,6 14.50,"4,6 79.50","4,6 33.00","6,4,12 934.00","4,6,12 216.00","4,6,11,12 1,435.00","6,4,12,11 16,189.00",,,,,,,,7/6 167.00,,,,,,,,,,19.50,NOT WIN,NOT WIN,HV,3,20160120,10,10,139.98,N177,6>6>7>8>6>10,127,CAN,SA,11.5,1088,24.0,6,,
http://racing.hkjc.com/racing/Info/Meeting/Results/English/Local/20160120/HV/3,340,Class 4,GOOD,"TURF - ""C"" COURSE",2200,138.14,6 28.50,6 14.50,"4,6 79.50","4,6 33.00","6,4,12 934.00","4,6,12 216.00","4,6,11,12 1,435.00","6,4,12,11 16,189.00",,,,,,,,7/6 167.00,,,,,,,,,,19.50,NOT WIN,NOT WIN,HV,3,20160120,3,12,143.38,N427,5>2>3>4>11>12,132,PB,MKL,32.75,1027,62.0,7,,
http://racing.hkjc.com/racing/Info/Meeting/Results/English/Local/20160120/HV/7,344,Class 2,GOOD TO YIELDING,"TURF - ""C"" COURSE",1200,70.6,12 85.00,12 25.00,"10,12 237.50","10,12 83.00","12,10,8 4,043.00","8,10,12 775.00","8,10,11,12 2,227.00","12,10,8,11 40,048.00",,,,"7/12 1,332.00",,,,,,,,"7,9,12/8,10,12 1,945,406.00",,,,,,NOT WIN,31.00,NOT WIN,HV,7,20160120,12,1,70.6,T210,6>3>1,116,DSS,MKL,0.0,1002,8.5,6,,
http://racing.hkjc.com/racing/Info/Meeting/Results/English/Local/20160120/HV/7,344,Class 2,GOOD TO YIELDING,"TURF - ""C"" COURSE",1200,70.6,12 85.00,12 25.00,"10,12 237.50","10,12 83.00","12,10,8 4,043.00","8,10,12 775.00","8,10,11,12 2,227.00","12,10,8,11 40,048.00",,,,"7/12 1,332.00",,,,,,,,"7,9,12/8,10,12 1,945,406.00",,,,,,NOT WIN,31.00,NOT WIN,HV,7,20160120,8,3,70.75,P429,5>5>3,120,LHW,SCS,0.75,1145,12.0,5,,
http://racing.hkjc.com/racing/Info/Meeting/Results/English/Local/20160120/HV/7,344,Class 2,GOOD TO YIELDING,"TURF - ""C"" COURSE",1200,70.6,12 85.00,12 25.00,"10,12 237.50","10,12 83.00","12,10,8 4,043.00","8,10,12 775.00","8,10,11,12 2,227.00","12,10,8,11 40,048.00",,,,"7/12 1,332.00",,,,,,,,"7,9,12/8,10,12 1,945,406.00",,,,,,NOT WIN,31.00,NOT WIN,HV,7,20160120,6,5,71.02,P224,3>2>5,122,MG,JM,2.5,1173,33.0,12,,
http://racing.hkjc.com/racing/Info/Meeting/Results/English/Local/20160120/HV/7,344,Class 2,GOOD TO YIELDING,"TURF - ""C"" COURSE",1200,70.6,12 85.00,12 25.00,"10,12 237.50","10,12 83.00","12,10,8 4,043.00","8,10,12 775.00","8,10,11,12 2,227.00","12,10,8,11 40,048.00",,,,"7/12 1,332.00",,,,,,,,"7,9,12/8,10,12 1,945,406.00",,,,,,NOT WIN,31.00,NOT WIN,HV,7,20160120,2,7,71.09,T163,7>6>7,130,MOJ,TYS,3.0,1078,2.1,10,,
http://racing.hkjc.com/racing/Info/Meeting/Results/English/Local/20160120/HV/7,344,Class 2,GOOD TO YIELDING,"TURF - ""C"" COURSE",1200,70.6,12 85.00,12 25.00,"10,12 237.50","10,12 83.00","12,10,8 4,043.00","8,10,12 775.00","8,10,11,12 2,227.00","12,10,8,11 40,048.00",,,,"7/12 1,332.00",,,,,,,,"7,9,12/8,10,12 1,945,406.00",,,,,,NOT WIN,31.00,NOT WIN,HV,7,20160120,1,9,71.46,P212,9>8>9,131,CAN,FC,5.25,1136,19.0,8,,
http://racing.hkjc.com/racing/Info/Meeting/Results/English/Local/20160120/HV/7,344,Class 2,GOOD TO YIELDING,"TURF - ""C"" COURSE",1200,70.6,12 85.00,12 25.00,"10,12 237.50","10,12 83.00","12,10,8 4,043.00","8,10,12 775.00","8,10,11,12 2,227.00","12,10,8,11 40,048.00",,,,"7/12 1,332.00",,,,,,,,"7,9,12/8,10,12 1,945,406.00",,,,,,NOT WIN,31.00,NOT WIN,HV,7,20160120,7,11,72.08,V081,10>12>11,119,HCY,LKW,9.25,1181,99.0,11,,
http://racing.hkjc.com/racing/Info/Meeting/Results/English/Local/20160120/HV/7,344,Class 2,GOOD TO YIELDING,"TURF - ""C"" COURSE",1200,70.6,12 85.00,12 25.00,"10,12 237.50","10,12 83.00","12,10,8 4,043.00","8,10,12 775.00","8,10,11,12 2,227.00","12,10,8,11 40,048.00",,,,"7/12 1,332.00",,,,,,,,"7,9,12/8,10,12 1,945,406.00",,,,,,NOT WIN,31.00,NOT WIN,HV,7,20160120,10,2,70.64,S275,11>9>2,119,TEK,MA,0.3,1061,7.5,9,,
http://racing.hkjc.com/racing/Info/Meeting/Results/English/Local/20160120/HV/7,344,Class 2,GOOD TO YIELDING,"TURF - ""C"" COURSE",1200,70.6,12 85.00,12 25.00,"10,12 237.50","10,12 83.00","12,10,8 4,043.00","8,10,12 775.00","8,10,11,12 2,227.00","12,10,8,11 40,048.00",,,,"7/12 1,332.00",,,,,,,,"7,9,12/8,10,12 1,945,406.00",,,,,,NOT WIN,31.00,NOT WIN,HV,7,20160120,11,4,70.81,S439,12>11>4,118,FRA,SA,1.25,1101,19.0,7,,
http://racing.hkjc.com/racing/Info/Meeting/Results/English/Local/20160120/HV/7,344,Class 2,GOOD TO YIELDING,"TURF - ""C"" COURSE",1200,70.6,12 85.00,12 25.00,"10,12 237.50","10,12 83.00","12,10,8 4,043.00","8,10,12 775.00","8,10,11,12 2,227.00","12,10,8,11 40,048.00",,,,"7/12 1,332.00",,,,,,,,"7,9,12/8,10,12 1,945,406.00",,,,,,NOT WIN,31.00,NOT WIN,HV,7,20160120,3,6,71.05,P041,2>4>6,128,LDE,CD,2.75,1224,6.5,3,,
http://racing.hkjc.com/racing/Info/Meeting/Results/English/Local/20160120/HV/7,344,Class 2,GOOD TO YIELDING,"TURF - ""C"" COURSE",1200,70.6,12 85.00,12 25.00,"10,12 237.50","10,12 83.00","12,10,8 4,043.00","8,10,12 775.00","8,10,11,12 2,227.00","12,10,8,11 40,048.00",,,,"7/12 1,332.00",,,,,,,,"7,9,12/8,10,12 1,945,406.00",,,,,,NOT WIN,31.00,NOT WIN,HV,7,20160120,4,8,71.21,M085,4>7>8,126,YML,LAL,3.75,1141,14.0,1,,
http://racing.hkjc.com/racing/Info/Meeting/Results/English/Local/20160120/HV/7,344,Class 2,GOOD TO YIELDING,"TURF - ""C"" COURSE",1200,70.6,12 85.00,12 25.00,"10,12 237.50","10,12 83.00","12,10,8 4,043.00","8,10,12 775.00","8,10,11,12 2,227.00","12,10,8,11 40,048.00",,,,"7/12 1,332.00",,,,,,,,"7,9,12/8,10,12 1,945,406.00",,,,,,NOT WIN,31.00,NOT WIN,HV,7,20160120,9,10,71.93,S204,1>1>10,120,CYT,YTP,8.25,1092,34.0,4,,
http://racing.hkjc.com/racing/Info/Meeting/Results/English/Local/20160120/HV/7,344,Class 2,GOOD TO YIELDING,"TURF - ""C"" COURSE",1200,70.6,12 85.00,12 25.00,"10,12 237.50","10,12 83.00","12,10,8 4,043.00","8,10,12 775.00","8,10,11,12 2,227.00","12,10,8,11 40,048.00",,,,"7/12 1,332.00",,,,,,,,"7,9,12/8,10,12 1,945,406.00",,,,,,NOT WIN,31.00,NOT WIN,HV,7,20160120,5,12,72.63,S441,8>10>12,119,NGA,NTK,12.75,1049,99.0,2,,
http://racing.hkjc.com/racing/Info/Meeting/Results/English/Local/20160117/ST/1,328,Class 4,GOOD TO YIELDING,"TURF - ""C+3"" COURSE",1000,56.88,4 158.50,4 40.00,"4,5 1,660.50","4,5 427.50","4,5,7 18,587.00","4,5,7 2,026.00","3,4,5,7 3,755.00","4,5,7,3 131,354.00",,,,,,,,,,,,,,,,,,NOT WIN,NOT WIN,53.00,ST,1,20160117,4,1,56.88,T099,8>5>1,124,YML,LAL,0.0,1097,15.0,1,,
http://racing.hkjc.com/racing/Info/Meeting/Results/English/Local/20160117/ST/1,328,Class 4,GOOD TO YIELDING,"TURF - ""C+3"" COURSE",1000,56.88,4 158.50,4 40.00,"4,5 1,660.50","4,5 427.50","4,5,7 18,587.00","4,5,7 2,026.00","3,4,5,7 3,755.00","4,5,7,3 131,354.00",,,,,,,,,,,,,,,,,,NOT WIN,NOT WIN,53.00,ST,1,20160117,7,3,56.98,S240,2>1>3,123,MR,MA,0.5,1164,4.3,7,,
http://racing.hkjc.com/racing/Info/Meeting/Results/English/Local/20160117/ST/1,328,Class 4,GOOD TO YIELDING,"TURF - ""C+3"" COURSE",1000,56.88,4 158.50,4 40.00,"4,5 1,660.50","4,5 427.50","4,5,7 18,587.00","4,5,7 2,026.00","3,4,5,7 3,755.00","4,5,7,3 131,354.00",,,,,,,,,,,,,,,,,,NOT WIN,NOT WIN,53.00,ST,1,20160117,2,5,57.25,T132,1>2>5,128,MOJ,SJJ,2.25,1207,2.7,5,,
http://racing.hkjc.com/racing/Info/Meeting/Results/English/Local/20160117/ST/1,328,Class 4,GOOD TO YIELDING,"TURF - ""C+3"" COURSE",1000,56.88,4 158.50,4 40.00,"4,5 1,660.50","4,5 427.50","4,5,7 18,587.00","4,5,7 2,026.00","3,4,5,7 3,755.00","4,5,7,3 131,354.00",,,,,,,,,,,,,,,,,,NOT WIN,NOT WIN,53.00,ST,1,20160117,14,7,57.71,P105,7>8>7,108,NGA,NTK,5.25,1079,99.0,6,,
http://racing.hkjc.com/racing/Info/Meeting/Results/English/Local/20160117/ST/1,328,Class 4,GOOD TO YIELDING,"TURF - ""C+3"" COURSE",1000,56.88,4 158.50,4 40.00,"4,5 1,660.50","4,5 427.50","4,5,7 18,587.00","4,5,7 2,026.00","3,4,5,7 3,755.00","4,5,7,3 131,354.00",,,,,,,,,,,,,,,,,,NOT WIN,NOT WIN,53.00,ST,1,20160117,11,9,57.81,M273,5>4>9,118,LDE,CD,5.75,1244,31.0,8,,
http://racing.hkjc.com/racing/Info/Meeting/Results/English/Local/20160117/ST/1,328,Class 4,GOOD TO YIELDING,"TURF - ""C+3"" COURSE",1000,56.88,4 158.50,4 40.00,"4,5 1,660.50","4,5 427.50","4,5,7 18,587.00","4,5,7 2,026.00","3,4,5,7 3,755.00","4,5,7,3 131,354.00",,,,,,,,,,,,,,,,,,NOT WIN,NOT WIN,53.00,ST,1,20160117,8,11,58.07,V086,3>6>11,125,MG,MKL,7.5,1132,3.6,14,,
http://racing.hkjc.com/racing/Info/Meeting/Results/English/Local/20160117/ST/1,328,Class 4,GOOD TO YIELDING,"TURF - ""C+3"" COURSE",1000,56.88,4 158.50,4 40.00,"4,5 1,660.50","4,5 427.50","4,5,7 18,587.00","4,5,7 2,026.00","3,4,5,7 3,755.00","4,5,7,3 131,354.00",,,,,,,,,,,,,,,,,,NOT WIN,NOT WIN,53.00,ST,1,20160117,1,13,58.37,T333,10>11>13,130,TON,FC,9.25,1158,39.0,4,,
http://racing.hkjc.com/racing/Info/Meeting/Results/English/Local/20160117/ST/1,328,Class 4,GOOD TO YIELDING,"TURF - ""C+3"" COURSE",1000,56.88,4 158.50,4 40.00,"4,5 1,660.50","4,5 427.50","4,5,7 18,587.00","4,5,7 2,026.00","3,4,5,7 3,755.00","4,5,7,3 131,354.00",,,,,,,,,,,,,,,,,,NOT WIN,NOT WIN,53.00,ST,1,20160117,10,WV-A,None,V147,,125,RN,CCW,None,1166,None,---,,
http://racing.hkjc.com/racing/Info/Meeting/Results/English/Local/20160117/ST/1,328,Class 4,GOOD TO YIELDING,"TURF - ""C+3"" COURSE",1000,56.88,4 158.50,4 40.00,"4,5 1,660.50","4,5 427.50","4,5,7 18,587.00","4,5,7 2,026.00","3,4,5,7 3,755.00","4,5,7,3 131,354.00",,,,,,,,,,,,,,,,,,NOT WIN,NOT WIN,53.00,ST,1,20160117,5,2,56.93,T361,4>3>2,125,PB,SWY,0.3,1092,28.0,2,,
http://racing.hkjc.com/racing/Info/Meeting/Results/English/Local/20160117/ST/1,328,Class 4,GOOD TO YIELDING,"TURF - ""C+3"" COURSE",1000,56.88,4 158.50,4 40.00,"4,5 1,660.50","4,5 427.50","4,5,7 18,587.00","4,5,7 2,026.00","3,4,5,7 3,755.00","4,5,7,3 131,354.00",,,,,,,,,,,,,,,,,,NOT WIN,NOT WIN,53.00,ST,1,20160117,3,4,57.24,T123,6>7>4,127,CAN,GR,2.25,1109,11.0,10,,
http://racing.hkjc.com/racing/Info/Meeting/Results/English/Local/20160117/ST/1,328,Class 4,GOOD TO YIELDING,"TURF - ""C+3"" COURSE",1000,56.88,4 158.50,4 40.00,"4,5 1,660.50","4,5 427.50","4,5,7 18,587.00","4,5,7 2,026.00","3,4,5,7 3,755.00","4,5,7,3 131,354.00",,,,,,,,,,,,,,,,,,NOT WIN,NOT WIN,53.00,ST,1,20160117,13,6,57.48,S424,9>9>6,114,LHW,FD,3.75,1093,14.0,12,,
http://racing.hkjc.com/racing/Info/Meeting/Results/English/Local/20160117/ST/1,328,Class 4,GOOD TO YIELDING,"TURF - ""C+3"" COURSE",1000,56.88,4 158.50,4 40.00,"4,5 1,660.50","4,5 427.50","4,5,7 18,587.00","4,5,7 2,026.00","3,4,5,7 3,755.00","4,5,7,3 131,354.00",,,,,,,,,,,,,,,,,,NOT WIN,NOT WIN,53.00,ST,1,20160117,9,8,57.76,V157,11>10>8,125,TEK,YPF,5.5,1060,79.0,9,,
http://racing.hkjc.com/racing/Info/Meeting/Results/English/Local/20160117/ST/1,328,Class 4,GOOD TO YIELDING,"TURF - ""C+3"" COURSE",1000,56.88,4 158.50,4 40.00,"4,5 1,660.50","4,5 427.50","4,5,7 18,587.00","4,5,7 2,026.00","3,4,5,7 3,755.00","4,5,7,3 131,354.00",,,,,,,,,,,,,,,,,,NOT WIN,NOT WIN,53.00,ST,1,20160117,12,10,58.04,V061,13>13>10,120,CYT,TYS,7.25,1163,99.0,13,,
http://racing.hkjc.com/racing/Info/Meeting/Results/English/Local/20160117/ST/1,328,Class 4,GOOD TO YIELDING,"TURF - ""C+3"" COURSE",1000,56.88,4 158.50,4 40.00,"4,5 1,660.50","4,5 427.50","4,5,7 18,587.00","4,5,7 2,026.00","3,4,5,7 3,755.00","4,5,7,3 131,354.00",,,,,,,,,,,,,,,,,,NOT WIN,NOT WIN,53.00,ST,1,20160117,6,12,58.1,V067,12>12>12,123,HCY,HAD,7.5,1085,99.0,3,,
http://racing.hkjc.com/racing/Info/Meeting/Results/English/Local/20160117/ST/1,328,Class 4,GOOD TO YIELDING,"TURF - ""C+3"" COURSE",1000,56.88,4 158.50,4 40.00,"4,5 1,660.50","4,5 427.50","4,5,7 18,587.00","4,5,7 2,026.00","3,4,5,7 3,755.00","4,5,7,3 131,354.00",,,,,,,,,,,,,,,,,,NOT WIN,NOT WIN,53.00,ST,1,20160117,99,WV,None,V164,,125,WD,YCH,None,-,None,---,,
http://racing.hkjc.com/racing/Info/Meeting/Results/English/Local/20160117/ST/2,329,Class 5,WET SLOW,ALL WEATHER TRACK,1200,70.41,1 133.00,1 37.50,"1,7 297.00","1,7 104.00","1,7,2 5,885.00","1,2,7 1,011.00","1,2,3,7 615.00","1,7,2,3 20,530.00",,,,,,,,,"4/1 2,529.00",,,,,,,,,NOT WIN,NOT WIN,28.00,ST,2,20160117,1,1,70.41,T295,1>2>1,133,CAN,GR,0.0,1098,13.0,11,,
http://racing.hkjc.com/racing/Info/Meeting/Results/English/Local/20160117/ST/2,329,Class 5,WET SLOW,ALL WEATHER TRACK,1200,70.41,1 133.00,1 37.50,"1,7 297.00","1,7 104.00","1,7,2 5,885.00","1,2,7 1,011.00","1,2,3,7 615.00","1,7,2,3 20,530.00",,,,,,,,,"4/1 2,529.00",,,,,,,,,NOT WIN,NOT WIN,28.00,ST,2,20160117,2,3,70.59,N265,4>5>3,132,FRA,WS,1.25,1100,14.0,3,,
http://racing.hkjc.com/racing/Info/Meeting/Results/English/Local/20160117/ST/2,329,Class 5,WET SLOW,ALL WEATHER TRACK,1200,70.41,1 133.00,1 37.50,"1,7 297.00","1,7 104.00","1,7,2 5,885.00","1,2,7 1,011.00","1,2,3,7 615.00","1,7,2,3 20,530.00",,,,,,,,,"4/1 2,529.00",,,,,,,,,NOT WIN,NOT WIN,28.00,ST,2,20160117,9,5,70.81,K212,11>10>5,119,LDE,HL,2.5,1112,8.9,7,,
http://racing.hkjc.com/racing/Info/Meeting/Results/English/Local/20160117/ST/2,329,Class 5,WET SLOW,ALL WEATHER TRACK,1200,70.41,1 133.00,1 37.50,"1,7 297.00","1,7 104.00","1,7,2 5,885.00","1,2,7 1,011.00","1,2,3,7 615.00","1,7,2,3 20,530.00",,,,,,,,,"4/1 2,529.00",,,,,,,,,NOT WIN,NOT WIN,28.00,ST,2,20160117,8,7,71.05,S157,6>6>7,123,TEK,MA,4.0,1047,25.0,10,,
http://racing.hkjc.com/racing/Info/Meeting/Results/English/Local/20160117/ST/2,329,Class 5,WET SLOW,ALL WEATHER TRACK,1200,70.41,1 133.00,1 37.50,"1,7 297.00","1,7 104.00","1,7,2 5,885.00","1,2,7 1,011.00","1,2,3,7 615.00","1,7,2,3 20,530.00",,,,,,,,,"4/1 2,529.00",,,,,,,,,NOT WIN,NOT WIN,28.00,ST,2,20160117,12,9,71.58,L251,12>11>9,116,LHW,LAL,7.25,1091,23.0,5,,
http://racing.hkjc.com/racing/Info/Meeting/Results/English/Local/20160117/ST/2,329,Class 5,WET SLOW,ALL WEATHER TRACK,1200,70.41,1 133.00,1 37.50,"1,7 297.00","1,7 104.00","1,7,2 5,885.00","1,2,7 1,011.00","1,2,3,7 615.00","1,7,2,3 20,530.00",,,,,,,,,"4/1 2,529.00",,,,,,,,,NOT WIN,NOT WIN,28.00,ST,2,20160117,10,11,71.8,T328,9>7>11,119,HCY,FC,8.75,1051,39.0,4,,
http://racing.hkjc.com/racing/Info/Meeting/Results/English/Local/20160117/ST/2,329,Class 5,WET SLOW,ALL WEATHER TRACK,1200,70.41,1 133.00,1 37.50,"1,7 297.00","1,7 104.00","1,7,2 5,885.00","1,2,7 1,011.00","1,2,3,7 615.00","1,7,2,3 20,530.00",,,,,,,,,"4/1 2,529.00",,,,,,,,,NOT WIN,NOT WIN,28.00,ST,2,20160117,7,2,70.43,M255,5>3>2,124,MR,NTK,0.2,1065,3.6,1,,
http://racing.hkjc.com/racing/Info/Meeting/Results/English/Local/20160117/ST/2,329,Class 5,WET SLOW,ALL WEATHER TRACK,1200,70.41,1 133.00,1 37.50,"1,7 297.00","1,7 104.00","1,7,2 5,885.00","1,2,7 1,011.00","1,2,3,7 615.00","1,7,2,3 20,530.00",,,,,,,,,"4/1 2,529.00",,,,,,,,,NOT WIN,NOT WIN,28.00,ST,2,20160117,3,4,70.62,P260,2>1>4,132,MOJ,MKL,1.25,1113,3.3,2,,
http://racing.hkjc.com/racing/Info/Meeting/Results/English/Local/20160117/ST/2,329,Class 5,WET SLOW,ALL WEATHER TRACK,1200,70.41,1 133.00,1 37.50,"1,7 297.00","1,7 104.00","1,7,2 5,885.00","1,2,7 1,011.00","1,2,3,7 615.00","1,7,2,3 20,530.00",,,,,,,,,"4/1 2,529.00",,,,,,,,,NOT WIN,NOT WIN,28.00,ST,2,20160117,11,6,71.03,L282,8>9>6,120,WD,CCW,3.75,1208,10.0,8,,
http://racing.hkjc.com/racing/Info/Meeting/Results/English/Local/20160117/ST/2,329,Class 5,WET SLOW,ALL WEATHER TRACK,1200,70.41,1 133.00,1 37.50,"1,7 297.00","1,7 104.00","1,7,2 5,885.00","1,2,7 1,011.00","1,2,3,7 615.00","1,7,2,3 20,530.00",,,,,,,,,"4/1 2,529.00",,,,,,,,,NOT WIN,NOT WIN,28.00,ST,2,20160117,4,8,71.2,S032,7>8>8,132,PB,HAD,5.0,1049,9.2,6,,
http://racing.hkjc.com/racing/Info/Meeting/Results/English/Local/20160117/ST/2,329,Class 5,WET SLOW,ALL WEATHER TRACK,1200,70.41,1 133.00,1 37.50,"1,7 297.00","1,7 104.00","1,7,2 5,885.00","1,2,7 1,011.00","1,2,3,7 615.00","1,7,2,3 20,530.00",,,,,,,,,"4/1 2,529.00",,,,,,,,,NOT WIN,NOT WIN,28.00,ST,2,20160117,6,10,71.75,S384,3>4>10,129,SCC,CD,8.5,1159,40.0,12,,
http://racing.hkjc.com/racing/Info/Meeting/Results/English/Local/20160117/ST/2,329,Class 5,WET SLOW,ALL WEATHER TRACK,1200,70.41,1 133.00,1 37.50,"1,7 297.00","1,7 104.00","1,7,2 5,885.00","1,2,7 1,011.00","1,2,3,7 615.00","1,7,2,3 20,530.00",,,,,,,,,"4/1 2,529.00",,,,,,,,,NOT WIN,NOT WIN,28.00,ST,2,20160117,5,12,72.43,N182,10>12>12,131,DSS,LKW,12.75,1120,23.0,9,,
http://racing.hkjc.com/racing/Info/Meeting/Results/English/Local/20160117/ST/3,330,Class 4,GOOD TO YIELDING,"TURF - ""C+3"" COURSE",1200,70.39,10 26.00,10 12.50,"4,10 34.00","4,10 18.00","10,4,12 448.00","4,10,12 96.00","4,8,10,12 268.00","10,4,12,8 3,381.00",,,,,,,,1/10 459.00,,,,,,,,,,13.50,NOT WIN,NOT WIN,ST,3,20160117,10,1,70.39,S374,3>4>1,119,MOJ,SJJ,0.0,1076,2.6,1,,
http://racing.hkjc.com/racing/Info/Meeting/Results/English/Local/20160117/ST/3,330,Class 4,GOOD TO YIELDING,"TURF - ""C+3"" COURSE",1200,70.39,10 26.00,10 12.50,"4,10 34.00","4,10 18.00","10,4,12 448.00","4,10,12 96.00","4,8,10,12 268.00","10,4,12,8 3,381.00",,,,,,,,1/10 459.00,,,,,,,,,,13.50,NOT WIN,NOT WIN,ST,3,20160117,12,3,70.72,N330,5>7>3,115,CYT,CD,2.25,1015,14.0,2,,
http://racing.hkjc.com/racing/Info/Meeting/Results/English/Local/20160117/ST/3,330,Class 4,GOOD TO YIELDING,"TURF - ""C+3"" COURSE",1200,70.39,10 26.00,10 12.50,"4,10 34.00","4,10 18.00","10,4,12 448.00","4,10,12 96.00","4,8,10,12 268.00","10,4,12,8 3,381.00",,,,,,,,1/10 459.00,,,,,,,,,,13.50,NOT WIN,NOT WIN,ST,3,20160117,5,5,70.8,V037,1>1>5,125,TEK,MA,2.5,1126,23.0,3,,
http://racing.hkjc.com/racing/Info/Meeting/Results/English/Local/20160117/ST/3,330,Class 4,GOOD TO YIELDING,"TURF - ""C+3"" COURSE",1200,70.39,10 26.00,10 12.50,"4,10 34.00","4,10 18.00","10,4,12 448.00","4,10,12 96.00","4,8,10,12 268.00","10,4,12,8 3,381.00",,,,,,,,1/10 459.00,,,,,,,,,,13.50,NOT WIN,NOT WIN,ST,3,20160117,11,7,71.04,N208,8>6>7,114,YML,SA,4.0,1089,44.0,9,,
http://racing.hkjc.com/racing/Info/Meeting/Results/English/Local/20160117/ST/3,330,Class 4,GOOD TO YIELDING,"TURF - ""C+3"" COURSE",1200,70.39,10 26.00,10 12.50,"4,10 34.00","4,10 18.00","10,4,12 448.00","4,10,12 96.00","4,8,10,12 268.00","10,4,12,8 3,381.00",,,,,,,,1/10 459.00,,,,,,,,,,13.50,NOT WIN,NOT WIN,ST,3,20160117,9,9,71.23,V027,2>2>9,123,SCC,YCH,5.25,1121,21.0,5,,
http://racing.hkjc.com/racing/Info/Meeting/Results/English/Local/20160117/ST/3,330,Class 4,GOOD TO YIELDING,"TURF - ""C+3"" COURSE",1200,70.39,10 26.00,10 12.50,"4,10 34.00","4,10 18.00","10,4,12 448.00","4,10,12 96.00","4,8,10,12 268.00","10,4,12,8 3,381.00",,,,,,,,1/10 459.00,,,,,,,,,,13.50,NOT WIN,NOT WIN,ST,3,20160117,7,11,71.82,T429,7>8>11,125,CAN,OSP,9.0,1152,99.0,7,,
http://racing.hkjc.com/racing/Info/Meeting/Results/English/Local/20160117/ST/3,330,Class 4,GOOD TO YIELDING,"TURF - ""C+3"" COURSE",1200,70.39,10 26.00,10 12.50,"4,10 34.00","4,10 18.00","10,4,12 448.00","4,10,12 96.00","4,8,10,12 268.00","10,4,12,8 3,381.00",,,,,,,,1/10 459.00,,,,,,,,,,13.50,NOT WIN,NOT WIN,ST,3,20160117,4,2,70.61,V034,4>5>2,126,MR,YPF,1.5,1175,2.9,6,,
http://racing.hkjc.com/racing/Info/Meeting/Results/English/Local/20160117/ST/3,330,Class 4,GOOD TO YIELDING,"TURF - ""C+3"" COURSE",1200,70.39,10 26.00,10 12.50,"4,10 34.00","4,10 18.00","10,4,12 448.00","4,10,12 96.00","4,8,10,12 268.00","10,4,12,8 3,381.00",,,,,,,,1/10 459.00,,,,,,,,,,13.50,NOT WIN,NOT WIN,ST,3,20160117,8,4,70.73,V102,9>9>4,125,RN,CCW,2.25,1159,7.6,4,,
http://racing.hkjc.com/racing/Info/Meeting/Results/English/Local/20160117/ST/3,330,Class 4,GOOD TO YIELDING,"TURF - ""C+3"" COURSE",1200,70.39,10 26.00,10 12.50,"4,10 34.00","4,10 18.00","10,4,12 448.00","4,10,12 96.00","4,8,10,12 268.00","10,4,12,8 3,381.00",,,,,,,,1/10 459.00,,,,,,,,,,13.50,NOT WIN,NOT WIN,ST,3,20160117,1,6,70.98,P395,12>11>6,133,FRA,FD,3.75,1143,21.0,8,,
http://racing.hkjc.com/racing/Info/Meeting/Results/English/Local/20160117/ST/3,330,Class 4,GOOD TO YIELDING,"TURF - ""C+3"" COURSE",1200,70.39,10 26.00,10 12.50,"4,10 34.00","4,10 18.00","10,4,12 448.00","4,10,12 96.00","4,8,10,12 268.00","10,4,12,8 3,381.00",,,,,,,,1/10 459.00,,,,,,,,,,13.50,NOT WIN,NOT WIN,ST,3,20160117,6,8,71.22,V088,6>3>8,125,WD,JM,5.25,1121,83.0,10,,
http://racing.hkjc.com/racing/Info/Meeting/Results/English/Local/20160117/ST/3,330,Class 4,GOOD TO YIELDING,"TURF - ""C+3"" COURSE",1200,70.39,10 26.00,10 12.50,"4,10 34.00","4,10 18.00","10,4,12 448.00","4,10,12 96.00","4,8,10,12 268.00","10,4,12,8 3,381.00",,,,,,,,1/10 459.00,,,,,,,,,,13.50,NOT WIN,NOT WIN,ST,3,20160117,3,10,71.28,S059,11>12>10,127,DSS,SCS,5.5,1206,17.0,11,,
http://racing.hkjc.com/racing/Info/Meeting/Results/English/Local/20160117/ST/3,330,Class 4,GOOD TO YIELDING,"TURF - ""C+3"" COURSE",1200,70.39,10 26.00,10 12.50,"4,10 34.00","4,10 18.00","10,4,12 448.00","4,10,12 96.00","4,8,10,12 268.00","10,4,12,8 3,381.00",,,,,,,,1/10 459.00,,,,,,,,,,13.50,NOT WIN,NOT WIN,ST,3,20160117,2,12,72.0,S444,10>10>12,132,MG,MKL,10.0,1057,19.0,12,,
http://racing.hkjc.com/racing/Info/Meeting/Results/English/Local/20160117/ST/4,331,Class 4,GOOD TO YIELDING,"TURF - ""C+3"" COURSE",1600,96.39,10 27.50,10 13.50,"1,10 81.00","1,10 34.50","10,1,2 1,831.00","1,2,10 479.00","1,2,10,12 2,956.00","10,1,2,12 29,248.00",,,,,,,"10/5,10 74.50",,,,"4,10,12/1,2>5,10 7,718.00",,,,,,,16.00,NOT WIN,NOT WIN,ST,4,20160117,10,1,96.39,S127,6>6>5>1,124,MOJ,LKW,0.0,1104,2.7,4,,
http://racing.hkjc.com/racing/Info/Meeting/Results/English/Local/20160117/ST/4,331,Class 4,GOOD TO YIELDING,"TURF - ""C+3"" COURSE",1600,96.39,10 27.50,10 13.50,"1,10 81.00","1,10 34.50","10,1,2 1,831.00","1,2,10 479.00","1,2,10,12 2,956.00","10,1,2,12 29,248.00",,,,,,,"10/5,10 74.50",,,,"4,10,12/1,2>5,10 7,718.00",,,,,,,16.00,NOT WIN,NOT WIN,ST,4,20160117,2,3,97.01,S248,8>8>7>3,132,CAN,SA,3.75,1142,18.0,12,,
http://racing.hkjc.com/racing/Info/Meeting/Results/English/Local/20160117/ST/4,331,Class 4,GOOD TO YIELDING,"TURF - ""C+3"" COURSE",1600,96.39,10 27.50,10 13.50,"1,10 81.00","1,10 34.50","10,1,2 1,831.00","1,2,10 479.00","1,2,10,12 2,956.00","10,1,2,12 29,248.00",,,,,,,"10/5,10 74.50",,,,"4,10,12/1,2>5,10 7,718.00",,,,,,,16.00,NOT WIN,NOT WIN,ST,4,20160117,7,5,97.13,P438,2>2>1>5,126,LHW,YPF,4.75,1145,17.0,9,,
http://racing.hkjc.com/racing/Info/Meeting/Results/English/Local/20160117/ST/4,331,Class 4,GOOD TO YIELDING,"TURF - ""C+3"" COURSE",1600,96.39,10 27.50,10 13.50,"1,10 81.00","1,10 34.50","10,1,2 1,831.00","1,2,10 479.00","1,2,10,12 2,956.00","10,1,2,12 29,248.00",,,,,,,"10/5,10 74.50",,,,"4,10,12/1,2>5,10 7,718.00",,,,,,,16.00,NOT WIN,NOT WIN,ST,4,20160117,13,7,97.18,P354,12>12>12>7,111,NGA,YCH,5.0,1066,31.0,6,,
http://racing.hkjc.com/racing/Info/Meeting/Results/English/Local/20160117/ST/4,331,Class 4,GOOD TO YIELDING,"TURF - ""C+3"" COURSE",1600,96.39,10 27.50,10 13.50,"1,10 81.00","1,10 34.50","10,1,2 1,831.00","1,2,10 479.00","1,2,10,12 2,956.00","10,1,2,12 29,248.00",,,,,,,"10/5,10 74.50",,,,"4,10,12/1,2>5,10 7,718.00",,,,,,,16.00,NOT WIN,NOT WIN,ST,4,20160117,4,9,97.67,S245,5>5>6>9,132,MR,LAL,8.0,1141,3.8,14,,
http://racing.hkjc.com/racing/Info/Meeting/Results/English/Local/20160117/ST/4,331,Class 4,GOOD TO YIELDING,"TURF - ""C+3"" COURSE",1600,96.39,10 27.50,10 13.50,"1,10 81.00","1,10 34.50","10,1,2 1,831.00","1,2,10 479.00","1,2,10,12 2,956.00","10,1,2,12 29,248.00",,,,,,,"10/5,10 74.50",,,,"4,10,12/1,2>5,10 7,718.00",,,,,,,16.00,NOT WIN,NOT WIN,ST,4,20160117,14,11,97.98,T089,7>7>10>11,115,CYT,TYS,10.0,1077,25.0,1,,
http://racing.hkjc.com/racing/Info/Meeting/Results/English/Local/20160117/ST/4,331,Class 4,GOOD TO YIELDING,"TURF - ""C+3"" COURSE",1600,96.39,10 27.50,10 13.50,"1,10 81.00","1,10 34.50","10,1,2 1,831.00","1,2,10 479.00","1,2,10,12 2,956.00","10,1,2,12 29,248.00",,,,,,,"10/5,10 74.50",,,,"4,10,12/1,2>5,10 7,718.00",,,,,,,16.00,NOT WIN,NOT WIN,ST,4,20160117,9,13,98.46,S330,13>13>13>13,125,TEK,GR,13.0,1152,11.0,7,,
http://racing.hkjc.com/racing/Info/Meeting/Results/English/Local/20160117/ST/4,331,Class 4,GOOD TO YIELDING,"TURF - ""C+3"" COURSE",1600,96.39,10 27.50,10 13.50,"1,10 81.00","1,10 34.50","10,1,2 1,831.00","1,2,10 479.00","1,2,10,12 2,956.00","10,1,2,12 29,248.00",,,,,,,"10/5,10 74.50",,,,"4,10,12/1,2>5,10 7,718.00",,,,,,,16.00,NOT WIN,NOT WIN,ST,4,20160117,1,2,96.67,T409,3>3>3>2,133,RN,SJJ,1.75,1095,5.2,10,,
http://racing.hkjc.com/racing/Info/Meeting/Results/English/Local/20160117/ST/4,331,Class 4,GOOD TO YIELDING,"TURF - ""C+3"" COURSE",1600,96.39,10 27.50,10 13.50,"1,10 81.00","1,10 34.50","10,1,2 1,831.00","1,2,10 479.00","1,2,10,12 2,956.00","10,1,2,12 29,248.00",,,,,,,"10/5,10 74.50",,,,"4,10,12/1,2>5,10 7,718.00",,,,,,,16.00,NOT WIN,NOT WIN,ST,4,20160117,12,4,97.05,S320,11>11>9>4,120,FRA,WS,4.25,1139,40.0,8,,
http://racing.hkjc.com/racing/Info/Meeting/Results/English/Local/20160117/ST/4,331,Class 4,GOOD TO YIELDING,"TURF - ""C+3"" COURSE",1600,96.39,10 27.50,10 13.50,"1,10 81.00","1,10 34.50","10,1,2 1,831.00","1,2,10 479.00","1,2,10,12 2,956.00","10,1,2,12 29,248.00",,,,,,,"10/5,10 74.50",,,,"4,10,12/1,2>5,10 7,718.00",,,,,,,16.00,NOT WIN,NOT WIN,ST,4,20160117,8,6,97.14,T281,10>10>11>6,124,HCY,OSP,4.75,1128,99.0,5,,
http://racing.hkjc.com/racing/Info/Meeting/Results/English/Local/20160117/ST/4,331,Class 4,GOOD TO YIELDING,"TURF - ""C+3"" COURSE",1600,96.39,10 27.50,10 13.50,"1,10 81.00","1,10 34.50","10,1,2 1,831.00","1,2,10 479.00","1,2,10,12 2,956.00","10,1,2,12 29,248.00",,,,,,,"10/5,10 74.50",,,,"4,10,12/1,2>5,10 7,718.00",,,,,,,16.00,NOT WIN,NOT WIN,ST,4,20160117,6,8,97.48,T016,4>4>4>8,127,SCC,CD,6.75,1161,80.0,3,,
http://racing.hkjc.com/racing/Info/Meeting/Results/English/Local/20160117/ST/4,331,Class 4,GOOD TO YIELDING,"TURF - ""C+3"" COURSE",1600,96.39,10 27.50,10 13.50,"1,10 81.00","1,10 34.50","10,1,2 1,831.00","1,2,10 479.00","1,2,10,12 2,956.00","10,1,2,12 29,248.00",,,,,,,"10/5,10 74.50",,,,"4,10,12/1,2>5,10 7,718.00",,,,,,,16.00,NOT WIN,NOT WIN,ST,4,20160117,11,10,97.81,S350,1>1>2>10,119,YML,CCW,9.0,1273,99.0,11,,
http://racing.hkjc.com/racing/Info/Meeting/Results/English/Local/20160117/ST/4,331,Class 4,GOOD TO YIELDING,"TURF - ""C+3"" COURSE",1600,96.39,10 27.50,10 13.50,"1,10 81.00","1,10 34.50","10,1,2 1,831.00","1,2,10 479.00","1,2,10,12 2,956.00","10,1,2,12 29,248.00",,,,,,,"10/5,10 74.50",,,,"4,10,12/1,2>5,10 7,718.00",,,,,,,16.00,NOT WIN,NOT WIN,ST,4,20160117,3,12,98.0,T213,9>9>8>12,132,PB,SWY,10.0,1213,11.0,2,,
http://racing.hkjc.com/racing/Info/Meeting/Results/English/Local/20160117/ST/4,331,Class 4,GOOD TO YIELDING,"TURF - ""C+3"" COURSE",1600,96.39,10 27.50,10 13.50,"1,10 81.00","1,10 34.50","10,1,2 1,831.00","1,2,10 479.00","1,2,10,12 2,956.00","10,1,2,12 29,248.00",,,,,,,"10/5,10 74.50",,,,"4,10,12/1,2>5,10 7,718.00",,,,,,,16.00,NOT WIN,NOT WIN,ST,4,20160117,5,WV-A,None,N248,,131,WD,HAD,None,1098,None,---,,
http://racing.hkjc.com/racing/Info/Meeting/Results/English/Local/20160117/ST/5,332,Class 3,GOOD,"TURF - ""C+3"" COURSE",1800,108.06,10 42.50,10 17.50,"2,10 1,368.50","2,10 391.50","10,2,6 12,009.00","2,6,10 1,583.00","2,6,10,14 6,684.00","10,2,6,14 197,789.00",,,,,,,,,,,,,,,,,,21.50,NOT WIN,NOT WIN,ST,5,20160117,10,1,108.06,T192,2>2>2>2>1,125,TEK,SJJ,0.0,1130,4.2,7,,
http://racing.hkjc.com/racing/Info/Meeting/Results/English/Local/20160117/ST/5,332,Class 3,GOOD,"TURF - ""C+3"" COURSE",1800,108.06,10 42.50,10 17.50,"2,10 1,368.50","2,10 391.50","10,2,6 12,009.00","2,6,10 1,583.00","2,6,10,14 6,684.00","10,2,6,14 197,789.00",,,,,,,,,,,,,,,,,,21.50,NOT WIN,NOT WIN,ST,5,20160117,6,3,108.34,S023,8>8>8>8>3,128,MR,YCH,1.75,1218,4.3,1,,
http://racing.hkjc.com/racing/Info/Meeting/Results/English/Local/20160117/ST/5,332,Class 3,GOOD,"TURF - ""C+3"" COURSE",1800,108.06,10 42.50,10 17.50,"2,10 1,368.50","2,10 391.50","10,2,6 12,009.00","2,6,10 1,583.00","2,6,10,14 6,684.00","10,2,6,14 197,789.00",,,,,,,,,,,,,,,,,,21.50,NOT WIN,NOT WIN,ST,5,20160117,11,5,108.56,P151,9>10>9>10>5,122,PB,JM,3.25,1105,20.0,5,,
http://racing.hkjc.com/racing/Info/Meeting/Results/English/Local/20160117/ST/5,332,Class 3,GOOD,"TURF - ""C+3"" COURSE",1800,108.06,10 42.50,10 17.50,"2,10 1,368.50","2,10 391.50","10,2,6 12,009.00","2,6,10 1,583.00","2,6,10,14 6,684.00","10,2,6,14 197,789.00",,,,,,,,,,,,,,,,,,21.50,NOT WIN,NOT WIN,ST,5,20160117,4,7,108.99,T363,11>11>12>11>7,128,YML,GR,5.75,1139,63.0,14,,
http://racing.hkjc.com/racing/Info/Meeting/Results/English/Local/20160117/ST/5,332,Class 3,GOOD,"TURF - ""C+3"" COURSE",1800,108.06,10 42.50,10 17.50,"2,10 1,368.50","2,10 391.50","10,2,6 12,009.00","2,6,10 1,583.00","2,6,10,14 6,684.00","10,2,6,14 197,789.00",,,,,,,,,,,,,,,,,,21.50,NOT WIN,NOT WIN,ST,5,20160117,9,9,109.18,P436,12>12>11>13>9,124,HCY,CAS,7.0,1188,15.0,4,,
http://racing.hkjc.com/racing/Info/Meeting/Results/English/Local/20160117/ST/5,332,Class 3,GOOD,"TURF - ""C+3"" COURSE",1800,108.06,10 42.50,10 17.50,"2,10 1,368.50","2,10 391.50","10,2,6 12,009.00","2,6,10 1,583.00","2,6,10,14 6,684.00","10,2,6,14 197,789.00",,,,,,,,,,,,,,,,,,21.50,NOT WIN,NOT WIN,ST,5,20160117,1,11,109.34,T315,14>14>13>12>11,133,CAN,SCS,8.0,1099,6.5,8,,
http://racing.hkjc.com/racing/Info/Meeting/Results/English/Local/20160117/ST/5,332,Class 3,GOOD,"TURF - ""C+3"" COURSE",1800,108.06,10 42.50,10 17.50,"2,10 1,368.50","2,10 391.50","10,2,6 12,009.00","2,6,10 1,583.00","2,6,10,14 6,684.00","10,2,6,14 197,789.00",,,,,,,,,,,,,,,,,,21.50,NOT WIN,NOT WIN,ST,5,20160117,3,13,109.93,T391,4>5>5>6>13,131,DSS,SA,11.75,1043,52.0,6,,
http://racing.hkjc.com/racing/Info/Meeting/Results/English/Local/20160117/ST/5,332,Class 3,GOOD,"TURF - ""C+3"" COURSE",1800,108.06,10 42.50,10 17.50,"2,10 1,368.50","2,10 391.50","10,2,6 12,009.00","2,6,10 1,583.00","2,6,10,14 6,684.00","10,2,6,14 197,789.00",,,,,,,,,,,,,,,,,,21.50,NOT WIN,NOT WIN,ST,5,20160117,2,2,108.16,V013,6>6>6>5>2,133,FRA,CD,0.5,1065,63.0,2,,
http://racing.hkjc.com/racing/Info/Meeting/Results/English/Local/20160117/ST/5,332,Class 3,GOOD,"TURF - ""C+3"" COURSE",1800,108.06,10 42.50,10 17.50,"2,10 1,368.50","2,10 391.50","10,2,6 12,009.00","2,6,10 1,583.00","2,6,10,14 6,684.00","10,2,6,14 197,789.00",,,,,,,,,,,,,,,,,,21.50,NOT WIN,NOT WIN,ST,5,20160117,14,4,108.5,S388,5>4>4>4>4,116,LHW,YPF,2.75,1068,25.0,11,,
http://racing.hkjc.com/racing/Info/Meeting/Results/English/Local/20160117/ST/5,332,Class 3,GOOD,"TURF - ""C+3"" COURSE",1800,108.06,10 42.50,10 17.50,"2,10 1,368.50","2,10 391.50","10,2,6 12,009.00","2,6,10 1,583.00","2,6,10,14 6,684.00","10,2,6,14 197,789.00",,,,,,,,,,,,,,,,,,21.50,NOT WIN,NOT WIN,ST,5,20160117,13,6,108.75,M327,13>13>14>14>6,119,MOJ,HAD,4.25,1164,6.1,12,,
http://racing.hkjc.com/racing/Info/Meeting/Results/English/Local/20160117/ST/5,332,Class 3,GOOD,"TURF - ""C+3"" COURSE",1800,108.06,10 42.50,10 17.50,"2,10 1,368.50","2,10 391.50","10,2,6 12,009.00","2,6,10 1,583.00","2,6,10,14 6,684.00","10,2,6,14 197,789.00",,,,,,,,,,,,,,,,,,21.50,NOT WIN,NOT WIN,ST,5,20160117,8,8,109.01,T142,10>9>10>9>8,127,MG,MKL,6.0,1043,9.1,9,,
http://racing.hkjc.com/racing/Info/Meeting/Results/English/Local/20160117/ST/5,332,Class 3,GOOD,"TURF - ""C+3"" COURSE",1800,108.06,10 42.50,10 17.50,"2,10 1,368.50","2,10 391.50","10,2,6 12,009.00","2,6,10 1,583.00","2,6,10,14 6,684.00","10,2,6,14 197,789.00",,,,,,,,,,,,,,,,,,21.50,NOT WIN,NOT WIN,ST,5,20160117,5,10,109.31,V190,3>3>3>3>10,124,NGA,CAS,7.75,1026,67.0,3,,
http://racing.hkjc.com/racing/Info/Meeting/Results/English/Local/20160117/ST/5,332,Class 3,GOOD,"TURF - ""C+3"" COURSE",1800,108.06,10 42.50,10 17.50,"2,10 1,368.50","2,10 391.50","10,2,6 12,009.00","2,6,10 1,583.00","2,6,10,14 6,684.00","10,2,6,14 197,789.00",,,,,,,,,,,,,,,,,,21.50,NOT WIN,NOT WIN,ST,5,20160117,7,12,109.38,T354,1>1>1>1>12,128,SCC,YTP,8.25,1105,25.0,13,,
http://racing.hkjc.com/racing/Info/Meeting/Results/English/Local/20160117/ST/5,332,Class 3,GOOD,"TURF - ""C+3"" COURSE",1800,108.06,10 42.50,10 17.50,"2,10 1,368.50","2,10 391.50","10,2,6 12,009.00","2,6,10 1,583.00","2,6,10,14 6,684.00","10,2,6,14 197,789.00",,,,,,,,,,,,,,,,,,21.50,NOT WIN,NOT WIN,ST,5,20160117,12,14,110.0,T199,7>7>7>7>14,121,CHV,WS,12.25,1152,16.0,10,,
http://racing.hkjc.com/racing/Info/Meeting/Results/English/Local/20160117/ST/6,333,Class 4,GOOD,"TURF - ""C+3"" COURSE",1400,82.26,8 39.00,8 16.00,"4,8 71.50","4,8 29.50","8,4,1 3,061.00","1,4,8 651.00","1,4,8,12 2,362.00","8,4,1,12 32,896.00",,,,,10/8 170.00,,,,,,,,,"1,2>5,10/2,6,10/Any combination 11,942.00","1,2>5,10/2,6,10/1,4,8 3,826,375.00",,,16.50,NOT WIN,NOT WIN,ST,6,20160117,8,1,82.26,S323,6>5>6>1,123,DSS,MA,0.0,1100,3.9,2,,
http://racing.hkjc.com/racing/Info/Meeting/Results/English/Local/20160117/ST/6,333,Class 4,GOOD,"TURF - ""C+3"" COURSE",1400,82.26,8 39.00,8 16.00,"4,8 71.50","4,8 29.50","8,4,1 3,061.00","1,4,8 651.00","1,4,8,12 2,362.00","8,4,1,12 32,896.00",,,,,10/8 170.00,,,,,,,,,"1,2>5,10/2,6,10/Any combination 11,942.00","1,2>5,10/2,6,10/1,4,8 3,826,375.00",,,16.50,NOT WIN,NOT WIN,ST,6,20160117,1,3,82.82,S299,10>10>10>3,132,FRA,WS,3.5,1049,42.0,10,,
http://racing.hkjc.com/racing/Info/Meeting/Results/English/Local/20160117/ST/6,333,Class 4,GOOD,"TURF - ""C+3"" COURSE",1400,82.26,8 39.00,8 16.00,"4,8 71.50","4,8 29.50","8,4,1 3,061.00","1,4,8 651.00","1,4,8,12 2,362.00","8,4,1,12 32,896.00",,,,,10/8 170.00,,,,,,,,,"1,2>5,10/2,6,10/Any combination 11,942.00","1,2>5,10/2,6,10/1,4,8 3,826,375.00",,,16.50,NOT WIN,NOT WIN,ST,6,20160117,10,5,82.89,S425,11>11>11>5,123,MR,YCH,4.0,1134,7.9,11,,
http://racing.hkjc.com/racing/Info/Meeting/Results/English/Local/20160117/ST/6,333,Class 4,GOOD,"TURF - ""C+3"" COURSE",1400,82.26,8 39.00,8 16.00,"4,8 71.50","4,8 29.50","8,4,1 3,061.00","1,4,8 651.00","1,4,8,12 2,362.00","8,4,1,12 32,896.00",,,,,10/8 170.00,,,,,,,,,"1,2>5,10/2,6,10/Any combination 11,942.00","1,2>5,10/2,6,10/1,4,8 3,826,375.00",,,16.50,NOT WIN,NOT WIN,ST,6,20160117,6,7,82.94,T339,4>6>5>7,124,LDE,HL,4.25,1063,42.0,12,,
http://racing.hkjc.com/racing/Info/Meeting/Results/English/Local/20160117/ST/6,333,Class 4,GOOD,"TURF - ""C+3"" COURSE",1400,82.26,8 39.00,8 16.00,"4,8 71.50","4,8 29.50","8,4,1 3,061.00","1,4,8 651.00","1,4,8,12 2,362.00","8,4,1,12 32,896.00",,,,,10/8 170.00,,,,,,,,,"1,2>5,10/2,6,10/Any combination 11,942.00","1,2>5,10/2,6,10/1,4,8 3,826,375.00",,,16.50,NOT WIN,NOT WIN,ST,6,20160117,9,9,83.01,S098,13>14>14>9,123,WD,JM,4.75,1075,13.0,14,,
http://racing.hkjc.com/racing/Info/Meeting/Results/English/Local/20160117/ST/6,333,Class 4,GOOD,"TURF - ""C+3"" COURSE",1400,82.26,8 39.00,8 16.00,"4,8 71.50","4,8 29.50","8,4,1 3,061.00","1,4,8 651.00","1,4,8,12 2,362.00","8,4,1,12 32,896.00",,,,,10/8 170.00,,,,,,,,,"1,2>5,10/2,6,10/Any combination 11,942.00","1,2>5,10/2,6,10/1,4,8 3,826,375.00",,,16.50,NOT WIN,NOT WIN,ST,6,20160117,11,11,83.09,N432,9>8>9>11,120,TEK,FD,5.25,1149,24.0,7,,
http://racing.hkjc.com/racing/Info/Meeting/Results/English/Local/20160117/ST/6,333,Class 4,GOOD,"TURF - ""C+3"" COURSE",1400,82.26,8 39.00,8 16.00,"4,8 71.50","4,8 29.50","8,4,1 3,061.00","1,4,8 651.00","1,4,8,12 2,362.00","8,4,1,12 32,896.00",,,,,10/8 170.00,,,,,,,,,"1,2>5,10/2,6,10/Any combination 11,942.00","1,2>5,10/2,6,10/1,4,8 3,826,375.00",,,16.50,NOT WIN,NOT WIN,ST,6,20160117,5,13,83.69,T080,1>1>1>13,120,WJH,MKL,9.0,1138,7.1,5,,
http://racing.hkjc.com/racing/Info/Meeting/Results/English/Local/20160117/ST/6,333,Class 4,GOOD,"TURF - ""C+3"" COURSE",1400,82.26,8 39.00,8 16.00,"4,8 71.50","4,8 29.50","8,4,1 3,061.00","1,4,8 651.00","1,4,8,12 2,362.00","8,4,1,12 32,896.00",,,,,10/8 170.00,,,,,,,,,"1,2>5,10/2,6,10/Any combination 11,942.00","1,2>5,10/2,6,10/1,4,8 3,826,375.00",,,16.50,NOT WIN,NOT WIN,ST,6,20160117,4,2,82.58,V024,3>3>3>2,130,MOJ,SJJ,2.0,1142,2.8,1,,
http://racing.hkjc.com/racing/Info/Meeting/Results/English/Local/20160117/ST/6,333,Class 4,GOOD,"TURF - ""C+3"" COURSE",1400,82.26,8 39.00,8 16.00,"4,8 71.50","4,8 29.50","8,4,1 3,061.00","1,4,8 651.00","1,4,8,12 2,362.00","8,4,1,12 32,896.00",,,,,10/8 170.00,,,,,,,,,"1,2>5,10/2,6,10/Any combination 11,942.00","1,2>5,10/2,6,10/1,4,8 3,826,375.00",,,16.50,NOT WIN,NOT WIN,ST,6,20160117,12,4,82.86,N386,2>2>2>4,118,SCC,FC,3.75,1051,27.0,3,,
http://racing.hkjc.com/racing/Info/Meeting/Results/English/Local/20160117/ST/6,333,Class 4,GOOD,"TURF - ""C+3"" COURSE",1400,82.26,8 39.00,8 16.00,"4,8 71.50","4,8 29.50","8,4,1 3,061.00","1,4,8 651.00","1,4,8,12 2,362.00","8,4,1,12 32,896.00",,,,,10/8 170.00,,,,,,,,,"1,2>5,10/2,6,10/Any combination 11,942.00","1,2>5,10/2,6,10/1,4,8 3,826,375.00",,,16.50,NOT WIN,NOT WIN,ST,6,20160117,14,6,82.93,N166,7>9>7>6,115,CYT,TYS,4.25,1123,33.0,8,,
http://racing.hkjc.com/racing/Info/Meeting/Results/English/Local/20160117/ST/6,333,Class 4,GOOD,"TURF - ""C+3"" COURSE",1400,82.26,8 39.00,8 16.00,"4,8 71.50","4,8 29.50","8,4,1 3,061.00","1,4,8 651.00","1,4,8,12 2,362.00","8,4,1,12 32,896.00",,,,,10/8 170.00,,,,,,,,,"1,2>5,10/2,6,10/Any combination 11,942.00","1,2>5,10/2,6,10/1,4,8 3,826,375.00",,,16.50,NOT WIN,NOT WIN,ST,6,20160117,3,8,82.94,T223,5>4>4>8,130,CAN,SA,4.25,1132,99.0,4,,
http://racing.hkjc.com/racing/Info/Meeting/Results/English/Local/20160117/ST/6,333,Class 4,GOOD,"TURF - ""C+3"" COURSE",1400,82.26,8 39.00,8 16.00,"4,8 71.50","4,8 29.50","8,4,1 3,061.00","1,4,8 651.00","1,4,8,12 2,362.00","8,4,1,12 32,896.00",,,,,10/8 170.00,,,,,,,,,"1,2>5,10/2,6,10/Any combination 11,942.00","1,2>5,10/2,6,10/1,4,8 3,826,375.00",,,16.50,NOT WIN,NOT WIN,ST,6,20160117,7,10,83.03,T088,12>12>12>10,125,LHW,LAL,4.75,1067,21.0,9,,
http://racing.hkjc.com/racing/Info/Meeting/Results/English/Local/20160117/ST/6,333,Class 4,GOOD,"TURF - ""C+3"" COURSE",1400,82.26,8 39.00,8 16.00,"4,8 71.50","4,8 29.50","8,4,1 3,061.00","1,4,8 651.00","1,4,8,12 2,362.00","8,4,1,12 32,896.00",,,,,10/8 170.00,,,,,,,,,"1,2>5,10/2,6,10/Any combination 11,942.00","1,2>5,10/2,6,10/1,4,8 3,826,375.00",,,16.50,NOT WIN,NOT WIN,ST,6,20160117,2,12,83.11,S234,14>13>13>12,128,HCY,CAS,5.25,1175,22.0,13,,
http://racing.hkjc.com/racing/Info/Meeting/Results/English/Local/20160117/ST/6,333,Class 4,GOOD,"TURF - ""C+3"" COURSE",1400,82.26,8 39.00,8 16.00,"4,8 71.50","4,8 29.50","8,4,1 3,061.00","1,4,8 651.00","1,4,8,12 2,362.00","8,4,1,12 32,896.00",,,,,10/8 170.00,,,,,,,,,"1,2>5,10/2,6,10/Any combination 11,942.00","1,2>5,10/2,6,10/1,4,8 3,826,375.00",,,16.50,NOT WIN,NOT WIN,ST,6,20160117,13,14,84.39,T060,8>7>8>14,114,YML,GR,13.25,1104,99.0,6,,
http://racing.hkjc.com/racing/Info/Meeting/Results/English/Local/20160117/ST/7,334,Class 3,WET SLOW,ALL WEATHER TRACK,1200,69.28,5 127.50,5 32.50,"1,5 714.00","1,5 233.50","5,1,3 6,917.00","1,3,5 765.00","1,3,5,7 2,772.00","5,1,3,7 94,593.00",,,,8/5 581.50,,,,,,,,"1,4,8/1,3,5 59,264.00",,,,,,NOT WIN,27.50,NOT WIN,ST,7,20160117,5,1,69.28,S238,1>1>1,117,WJH,JM,0.0,1207,12.0,8,,
http://racing.hkjc.com/racing/Info/Meeting/Results/English/Local/20160117/ST/7,334,Class 3,WET SLOW,ALL WEATHER TRACK,1200,69.28,5 127.50,5 32.50,"1,5 714.00","1,5 233.50","5,1,3 6,917.00","1,3,5 765.00","1,3,5,7 2,772.00","5,1,3,7 94,593.00",,,,8/5 581.50,,,,,,,,"1,4,8/1,3,5 59,264.00",,,,,,NOT WIN,27.50,NOT WIN,ST,7,20160117,3,3,69.58,P214,5>3>3,132,MOJ,MA,1.75,1177,2.5,4,,
http://racing.hkjc.com/racing/Info/Meeting/Results/English/Local/20160117/ST/7,334,Class 3,WET SLOW,ALL WEATHER TRACK,1200,69.28,5 127.50,5 32.50,"1,5 714.00","1,5 233.50","5,1,3 6,917.00","1,3,5 765.00","1,3,5,7 2,772.00","5,1,3,7 94,593.00",,,,8/5 581.50,,,,,,,,"1,4,8/1,3,5 59,264.00",,,,,,NOT WIN,27.50,NOT WIN,ST,7,20160117,2,5,69.88,P361,8>8>5,132,RN,OSP,3.75,1188,6.1,1,,
http://racing.hkjc.com/racing/Info/Meeting/Results/English/Local/20160117/ST/7,334,Class 3,WET SLOW,ALL WEATHER TRACK,1200,69.28,5 127.50,5 32.50,"1,5 714.00","1,5 233.50","5,1,3 6,917.00","1,3,5 765.00","1,3,5,7 2,772.00","5,1,3,7 94,593.00",,,,8/5 581.50,,,,,,,,"1,4,8/1,3,5 59,264.00",,,,,,NOT WIN,27.50,NOT WIN,ST,7,20160117,6,7,70.12,V022,9>10>7,123,TEK,SCS,5.25,1109,89.0,6,,
http://racing.hkjc.com/racing/Info/Meeting/Results/English/Local/20160117/ST/7,334,Class 3,WET SLOW,ALL WEATHER TRACK,1200,69.28,5 127.50,5 32.50,"1,5 714.00","1,5 233.50","5,1,3 6,917.00","1,3,5 765.00","1,3,5,7 2,772.00","5,1,3,7 94,593.00",,,,8/5 581.50,,,,,,,,"1,4,8/1,3,5 59,264.00",,,,,,NOT WIN,27.50,NOT WIN,ST,7,20160117,4,9,70.48,S126,7>6>9,125,CAN,FC,7.5,1116,9.9,3,,
http://racing.hkjc.com/racing/Info/Meeting/Results/English/Local/20160117/ST/7,334,Class 3,WET SLOW,ALL WEATHER TRACK,1200,69.28,5 127.50,5 32.50,"1,5 714.00","1,5 233.50","5,1,3 6,917.00","1,3,5 765.00","1,3,5,7 2,772.00","5,1,3,7 94,593.00",,,,8/5 581.50,,,,,,,,"1,4,8/1,3,5 59,264.00",,,,,,NOT WIN,27.50,NOT WIN,ST,7,20160117,12,11,70.64,P388,6>5>11,115,LHW,MKL,8.5,1054,99.0,11,,
http://racing.hkjc.com/racing/Info/Meeting/Results/English/Local/20160117/ST/7,334,Class 3,WET SLOW,ALL WEATHER TRACK,1200,69.28,5 127.50,5 32.50,"1,5 714.00","1,5 233.50","5,1,3 6,917.00","1,3,5 765.00","1,3,5,7 2,772.00","5,1,3,7 94,593.00",,,,8/5 581.50,,,,,,,,"1,4,8/1,3,5 59,264.00",,,,,,NOT WIN,27.50,NOT WIN,ST,7,20160117,99,WV,None,T313,,130,MR,YTP,None,1090,None,---,,
http://racing.hkjc.com/racing/Info/Meeting/Results/English/Local/20160117/ST/7,334,Class 3,WET SLOW,ALL WEATHER TRACK,1200,69.28,5 127.50,5 32.50,"1,5 714.00","1,5 233.50","5,1,3 6,917.00","1,3,5 765.00","1,3,5,7 2,772.00","5,1,3,7 94,593.00",,,,8/5 581.50,,,,,,,,"1,4,8/1,3,5 59,264.00",,,,,,NOT WIN,27.50,NOT WIN,ST,7,20160117,1,2,69.42,T186,3>2>2,131,YML,TYS,0.75,1150,14.0,12,,
http://racing.hkjc.com/racing/Info/Meeting/Results/English/Local/20160117/ST/7,334,Class 3,WET SLOW,ALL WEATHER TRACK,1200,69.28,5 127.50,5 32.50,"1,5 714.00","1,5 233.50","5,1,3 6,917.00","1,3,5 765.00","1,3,5,7 2,772.00","5,1,3,7 94,593.00",,,,8/5 581.50,,,,,,,,"1,4,8/1,3,5 59,264.00",,,,,,NOT WIN,27.50,NOT WIN,ST,7,20160117,7,4,69.77,S081,12>12>4,123,PB,HAD,3.0,1056,21.0,10,,
http://racing.hkjc.com/racing/Info/Meeting/Results/English/Local/20160117/ST/7,334,Class 3,WET SLOW,ALL WEATHER TRACK,1200,69.28,5 127.50,5 32.50,"1,5 714.00","1,5 233.50","5,1,3 6,917.00","1,3,5 765.00","1,3,5,7 2,772.00","5,1,3,7 94,593.00",,,,8/5 581.50,,,,,,,,"1,4,8/1,3,5 59,264.00",,,,,,NOT WIN,27.50,NOT WIN,ST,7,20160117,11,6,69.97,T284,10>9>6,116,FRA,FD,4.25,1031,24.0,9,,
http://racing.hkjc.com/racing/Info/Meeting/Results/English/Local/20160117/ST/7,334,Class 3,WET SLOW,ALL WEATHER TRACK,1200,69.28,5 127.50,5 32.50,"1,5 714.00","1,5 233.50","5,1,3 6,917.00","1,3,5 765.00","1,3,5,7 2,772.00","5,1,3,7 94,593.00",,,,8/5 581.50,,,,,,,,"1,4,8/1,3,5 59,264.00",,,,,,NOT WIN,27.50,NOT WIN,ST,7,20160117,8,8,70.33,T218,11>11>8,120,HCY,LKW,6.5,959,8.4,7,,
http://racing.hkjc.com/racing/Info/Meeting/Results/English/Local/20160117/ST/7,334,Class 3,WET SLOW,ALL WEATHER TRACK,1200,69.28,5 127.50,5 32.50,"1,5 714.00","1,5 233.50","5,1,3 6,917.00","1,3,5 765.00","1,3,5,7 2,772.00","5,1,3,7 94,593.00",,,,8/5 581.50,,,,,,,,"1,4,8/1,3,5 59,264.00",,,,,,NOT WIN,27.50,NOT WIN,ST,7,20160117,9,10,70.48,T129,2>4>10,114,NGA,CAS,7.5,1135,16.0,2,,
http://racing.hkjc.com/racing/Info/Meeting/Results/English/Local/20160117/ST/7,334,Class 3,WET SLOW,ALL WEATHER TRACK,1200,69.28,5 127.50,5 32.50,"1,5 714.00","1,5 233.50","5,1,3 6,917.00","1,3,5 765.00","1,3,5,7 2,772.00","5,1,3,7 94,593.00",,,,8/5 581.50,,,,,,,,"1,4,8/1,3,5 59,264.00",,,,,,NOT WIN,27.50,NOT WIN,ST,7,20160117,10,12,71.1,T350,4>7>12,118,WD,SJJ,11.25,986,8.4,5,,
http://racing.hkjc.com/racing/Info/Meeting/Results/English/Local/20160117/ST/8,335,Class 3,GOOD,"TURF - ""C+3"" COURSE",1200,69.43,10 18.00,10 11.00,"9,10 372.50","9,10 94.50","10,9,12 2,937.00","9,10,12 1,015.00","2,9,10,12 751.00","10,9,12,2 13,325.00",,,,,,,,,,,,,,,,,,12.50,NOT WIN,NOT WIN,ST,8,20160117,10,1,69.43,T293,6>5>1,118,MOJ,SCS,0.0,1166,1.8,2,,
http://racing.hkjc.com/racing/Info/Meeting/Results/English/Local/20160117/ST/8,335,Class 3,GOOD,"TURF - ""C+3"" COURSE",1200,69.43,10 18.00,10 11.00,"9,10 372.50","9,10 94.50","10,9,12 2,937.00","9,10,12 1,015.00","2,9,10,12 751.00","10,9,12,2 13,325.00",,,,,,,,,,,,,,,,,,12.50,NOT WIN,NOT WIN,ST,8,20160117,12,3,69.71,T382,11>11>3,116,SCC,CD,1.75,1103,25.0,7,,
http://racing.hkjc.com/racing/Info/Meeting/Results/English/Local/20160117/ST/8,335,Class 3,GOOD,"TURF - ""C+3"" COURSE",1200,69.43,10 18.00,10 11.00,"9,10 372.50","9,10 94.50","10,9,12 2,937.00","9,10,12 1,015.00","2,9,10,12 751.00","10,9,12,2 13,325.00",,,,,,,,,,,,,,,,,,12.50,NOT WIN,NOT WIN,ST,8,20160117,1,5,69.89,S415,1>1>5,126,WJH,FC,3.0,1088,9.4,9,,
http://racing.hkjc.com/racing/Info/Meeting/Results/English/Local/20160117/ST/8,335,Class 3,GOOD,"TURF - ""C+3"" COURSE",1200,69.43,10 18.00,10 11.00,"9,10 372.50","9,10 94.50","10,9,12 2,937.00","9,10,12 1,015.00","2,9,10,12 751.00","10,9,12,2 13,325.00",,,,,,,,,,,,,,,,,,12.50,NOT WIN,NOT WIN,ST,8,20160117,4,7,70.03,T159,12>12>7,120,HCY,MKL,3.75,1044,34.0,6,,
http://racing.hkjc.com/racing/Info/Meeting/Results/English/Local/20160117/ST/8,335,Class 3,GOOD,"TURF - ""C+3"" COURSE",1200,69.43,10 18.00,10 11.00,"9,10 372.50","9,10 94.50","10,9,12 2,937.00","9,10,12 1,015.00","2,9,10,12 751.00","10,9,12,2 13,325.00",,,,,,,,,,,,,,,,,,12.50,NOT WIN,NOT WIN,ST,8,20160117,5,9,70.29,V001,3>4>9,121,CYT,YTP,5.25,1081,60.0,1,,
http://racing.hkjc.com/racing/Info/Meeting/Results/English/Local/20160117/ST/8,335,Class 3,GOOD,"TURF - ""C+3"" COURSE",1200,69.43,10 18.00,10 11.00,"9,10 372.50","9,10 94.50","10,9,12 2,937.00","9,10,12 1,015.00","2,9,10,12 751.00","10,9,12,2 13,325.00",,,,,,,,,,,,,,,,,,12.50,NOT WIN,NOT WIN,ST,8,20160117,11,11,70.66,V015,2>3>11,118,FRA,LAL,7.75,1160,99.0,10,,
http://racing.hkjc.com/racing/Info/Meeting/Results/English/Local/20160117/ST/8,335,Class 3,GOOD,"TURF - ""C+3"" COURSE",1200,69.43,10 18.00,10 11.00,"9,10 372.50","9,10 94.50","10,9,12 2,937.00","9,10,12 1,015.00","2,9,10,12 751.00","10,9,12,2 13,325.00",,,,,,,,,,,,,,,,,,12.50,NOT WIN,NOT WIN,ST,8,20160117,9,2,69.64,S442,10>10>2,117,LDE,CAS,1.25,1024,42.0,11,,
http://racing.hkjc.com/racing/Info/Meeting/Results/English/Local/20160117/ST/8,335,Class 3,GOOD,"TURF - ""C+3"" COURSE",1200,69.43,10 18.00,10 11.00,"9,10 372.50","9,10 94.50","10,9,12 2,937.00","9,10,12 1,015.00","2,9,10,12 751.00","10,9,12,2 13,325.00",,,,,,,,,,,,,,,,,,12.50,NOT WIN,NOT WIN,ST,8,20160117,2,4,69.77,V002,4>2>4,127,PB,LKW,2.25,1132,3.8,3,,
http://racing.hkjc.com/racing/Info/Meeting/Results/English/Local/20160117/ST/8,335,Class 3,GOOD,"TURF - ""C+3"" COURSE",1200,69.43,10 18.00,10 11.00,"9,10 372.50","9,10 94.50","10,9,12 2,937.00","9,10,12 1,015.00","2,9,10,12 751.00","10,9,12,2 13,325.00",,,,,,,,,,,,,,,,,,12.50,NOT WIN,NOT WIN,ST,8,20160117,6,6,69.99,V016,9>8>6,121,WD,YCH,3.5,1127,25.0,8,,
http://racing.hkjc.com/racing/Info/Meeting/Results/English/Local/20160117/ST/8,335,Class 3,GOOD,"TURF - ""C+3"" COURSE",1200,69.43,10 18.00,10 11.00,"9,10 372.50","9,10 94.50","10,9,12 2,937.00","9,10,12 1,015.00","2,9,10,12 751.00","10,9,12,2 13,325.00",,,,,,,,,,,,,,,,,,12.50,NOT WIN,NOT WIN,ST,8,20160117,8,8,70.12,V077,5>6>8,120,DSS,YPF,4.25,1038,18.0,12,,
http://racing.hkjc.com/racing/Info/Meeting/Results/English/Local/20160117/ST/8,335,Class 3,GOOD,"TURF - ""C+3"" COURSE",1200,69.43,10 18.00,10 11.00,"9,10 372.50","9,10 94.50","10,9,12 2,937.00","9,10,12 1,015.00","2,9,10,12 751.00","10,9,12,2 13,325.00",,,,,,,,,,,,,,,,,,12.50,NOT WIN,NOT WIN,ST,8,20160117,7,10,70.34,T421,8>9>10,120,LHW,SWY,5.75,1079,89.0,4,,
http://racing.hkjc.com/racing/Info/Meeting/Results/English/Local/20160117/ST/8,335,Class 3,GOOD,"TURF - ""C+3"" COURSE",1200,69.43,10 18.00,10 11.00,"9,10 372.50","9,10 94.50","10,9,12 2,937.00","9,10,12 1,015.00","2,9,10,12 751.00","10,9,12,2 13,325.00",,,,,,,,,,,,,,,,,,12.50,NOT WIN,NOT WIN,ST,8,20160117,3,12,71.55,T083,7>7>12,124,YML,TYS,13.25,1135,13.0,5,,
http://racing.hkjc.com/racing/Info/Meeting/Results/English/Local/20160117/ST/9,336,Class 1,WET SLOW,ALL WEATHER TRACK,1200,68.07,5 97.50,5 29.00,"5,12 162.50","5,12 72.00","5,12,4 1,941.00","4,5,12 214.00","4,5,9,12 474.00","5,12,4,9 11,997.00",,10/5 339.00,,,,,,,,,,,,,,,,NOT WIN,NOT WIN,29.50,ST,9,20160117,5,1,68.07,S008,1>1>1,121,WD,HAD,0.0,1052,9.7,10,,
http://racing.hkjc.com/racing/Info/Meeting/Results/English/Local/20160117/ST/9,336,Class 1,WET SLOW,ALL WEATHER TRACK,1200,68.07,5 97.50,5 29.00,"5,12 162.50","5,12 72.00","5,12,4 1,941.00","4,5,12 214.00","4,5,9,12 474.00","5,12,4,9 11,997.00",,10/5 339.00,,,,,,,,,,,,,,,,NOT WIN,NOT WIN,29.50,ST,9,20160117,4,3,68.54,P305,8>7>3,123,MOJ,SJJ,2.75,1142,3.9,9,,
http://racing.hkjc.com/racing/Info/Meeting/Results/English/Local/20160117/ST/9,336,Class 1,WET SLOW,ALL WEATHER TRACK,1200,68.07,5 97.50,5 29.00,"5,12 162.50","5,12 72.00","5,12,4 1,941.00","4,5,12 214.00","4,5,9,12 474.00","5,12,4,9 11,997.00",,10/5 339.00,,,,,,,,,,,,,,,,NOT WIN,NOT WIN,29.50,ST,9,20160117,1,5,68.78,P366,3>3>5,126,WJH,FC,4.5,1227,11.0,12,,
http://racing.hkjc.com/racing/Info/Meeting/Results/English/Local/20160117/ST/9,336,Class 1,WET SLOW,ALL WEATHER TRACK,1200,68.07,5 97.50,5 29.00,"5,12 162.50","5,12 72.00","5,12,4 1,941.00","4,5,12 214.00","4,5,9,12 474.00","5,12,4,9 11,997.00",,10/5 339.00,,,,,,,,,,,,,,,,NOT WIN,NOT WIN,29.50,ST,9,20160117,8,7,68.87,P037,5>4>7,114,LDE,YPF,5.0,1082,26.0,2,,
http://racing.hkjc.com/racing/Info/Meeting/Results/English/Local/20160117/ST/9,336,Class 1,WET SLOW,ALL WEATHER TRACK,1200,68.07,5 97.50,5 29.00,"5,12 162.50","5,12 72.00","5,12,4 1,941.00","4,5,12 214.00","4,5,9,12 474.00","5,12,4,9 11,997.00",,10/5 339.00,,,,,,,,,,,,,,,,NOT WIN,NOT WIN,29.50,ST,9,20160117,6,9,68.91,M246,9>9>9,115,NGA,YCH,5.25,1089,99.0,11,,
http://racing.hkjc.com/racing/Info/Meeting/Results/English/Local/20160117/ST/9,336,Class 1,WET SLOW,ALL WEATHER TRACK,1200,68.07,5 97.50,5 29.00,"5,12 162.50","5,12 72.00","5,12,4 1,941.00","4,5,12 214.00","4,5,9,12 474.00","5,12,4,9 11,997.00",,10/5 339.00,,,,,,,,,,,,,,,,NOT WIN,NOT WIN,29.50,ST,9,20160117,11,11,70.01,N342,4>8>11,113,YML,GR,12.0,1179,68.0,4,,
http://racing.hkjc.com/racing/Info/Meeting/Results/English/Local/20160117/ST/9,336,Class 1,WET SLOW,ALL WEATHER TRACK,1200,68.07,5 97.50,5 29.00,"5,12 162.50","5,12 72.00","5,12,4 1,941.00","4,5,12 214.00","4,5,9,12 474.00","5,12,4,9 11,997.00",,10/5 339.00,,,,,,,,,,,,,,,,NOT WIN,NOT WIN,29.50,ST,9,20160117,12,2,68.41,S156,2>2>2,113,TEK,JM,2.0,1099,4.1,3,,
http://racing.hkjc.com/racing/Info/Meeting/Results/English/Local/20160117/ST/9,336,Class 1,WET SLOW,ALL WEATHER TRACK,1200,68.07,5 97.50,5 29.00,"5,12 162.50","5,12 72.00","5,12,4 1,941.00","4,5,12 214.00","4,5,9,12 474.00","5,12,4,9 11,997.00",,10/5 339.00,,,,,,,,,,,,,,,,NOT WIN,NOT WIN,29.50,ST,9,20160117,9,4,68.55,T200,7>6>4,115,SCC,MA,3.0,1053,11.0,7,,
http://racing.hkjc.com/racing/Info/Meeting/Results/English/Local/20160117/ST/9,336,Class 1,WET SLOW,ALL WEATHER TRACK,1200,68.07,5 97.50,5 29.00,"5,12 162.50","5,12 72.00","5,12,4 1,941.00","4,5,12 214.00","4,5,9,12 474.00","5,12,4,9 11,997.00",,10/5 339.00,,,,,,,,,,,,,,,,NOT WIN,NOT WIN,29.50,ST,9,20160117,10,6,68.83,N447,6>5>6,115,DSS,WS,4.75,1160,7.5,1,,
http://racing.hkjc.com/racing/Info/Meeting/Results/English/Local/20160117/ST/9,336,Class 1,WET SLOW,ALL WEATHER TRACK,1200,68.07,5 97.50,5 29.00,"5,12 162.50","5,12 72.00","5,12,4 1,941.00","4,5,12 214.00","4,5,9,12 474.00","5,12,4,9 11,997.00",,10/5 339.00,,,,,,,,,,,,,,,,NOT WIN,NOT WIN,29.50,ST,9,20160117,2,8,68.9,N297,10>11>8,128,MR,SJJ,5.25,1135,6.5,5,,
http://racing.hkjc.com/racing/Info/Meeting/Results/English/Local/20160117/ST/9,336,Class 1,WET SLOW,ALL WEATHER TRACK,1200,68.07,5 97.50,5 29.00,"5,12 162.50","5,12 72.00","5,12,4 1,941.00","4,5,12 214.00","4,5,9,12 474.00","5,12,4,9 11,997.00",,10/5 339.00,,,,,,,,,,,,,,,,NOT WIN,NOT WIN,29.50,ST,9,20160117,7,10,69.07,S212,12>10>10,116,HCY,CAS,6.25,1204,30.0,6,,
http://racing.hkjc.com/racing/Info/Meeting/Results/English/Local/20160117/ST/9,336,Class 1,WET SLOW,ALL WEATHER TRACK,1200,68.07,5 97.50,5 29.00,"5,12 162.50","5,12 72.00","5,12,4 1,941.00","4,5,12 214.00","4,5,9,12 474.00","5,12,4,9 11,997.00",,10/5 339.00,,,,,,,,,,,,,,,,NOT WIN,NOT WIN,29.50,ST,9,20160117,3,12,70.53,S164,11>12>12,127,PB,FC,15.25,1074,17.0,8,,
http://racing.hkjc.com/racing/Info/Meeting/Results/English/Local/20160120/HV/1,338,Class 4,GOOD,"TURF - ""C"" COURSE",1200,70.37,5 17.50,5 11.00,"5,12 84.50","5,12 42.00","5,12,6 4,545.00","5,6,12 1,500.00","2,5,6,12 3,591.00","5,12,6,2 41,782.00",,,,,,,,,,,,,,,,,,15.00,NOT WIN,NOT WIN,HV,1,20160120,5,1,70.37,V043,3>3>1,127,MOJ,SCS,0.0,958,1.7,1,,
http://racing.hkjc.com/racing/Info/Meeting/Results/English/Local/20160120/HV/1,338,Class 4,GOOD,"TURF - ""C"" COURSE",1200,70.37,5 17.50,5 11.00,"5,12 84.50","5,12 42.00","5,12,6 4,545.00","5,6,12 1,500.00","2,5,6,12 3,591.00","5,12,6,2 41,782.00",,,,,,,,,,,,,,,,,,15.00,NOT WIN,NOT WIN,HV,1,20160120,6,3,70.67,T335,8>7>3,125,CAN,CAS,2.0,1059,48.0,11,,
http://racing.hkjc.com/racing/Info/Meeting/Results/English/Local/20160120/HV/1,338,Class 4,GOOD,"TURF - ""C"" COURSE",1200,70.37,5 17.50,5 11.00,"5,12 84.50","5,12 42.00","5,12,6 4,545.00","5,6,12 1,500.00","2,5,6,12 3,591.00","5,12,6,2 41,782.00",,,,,,,,,,,,,,,,,,15.00,NOT WIN,NOT WIN,HV,1,20160120,1,5,70.93,N307,2>2>5,131,HCY,FC,3.5,1180,9.8,10,,
http://racing.hkjc.com/racing/Info/Meeting/Results/English/Local/20160120/HV/1,338,Class 4,GOOD,"TURF - ""C"" COURSE",1200,70.37,5 17.50,5 11.00,"5,12 84.50","5,12 42.00","5,12,6 4,545.00","5,6,12 1,500.00","2,5,6,12 3,591.00","5,12,6,2 41,782.00",,,,,,,,,,,,,,,,,,15.00,NOT WIN,NOT WIN,HV,1,20160120,3,7,71.35,S317,9>9>7,130,MR,TYS,6.25,1077,11.0,12,,
http://racing.hkjc.com/racing/Info/Meeting/Results/English/Local/20160120/HV/1,338,Class 4,GOOD,"TURF - ""C"" COURSE",1200,70.37,5 17.50,5 11.00,"5,12 84.50","5,12 42.00","5,12,6 4,545.00","5,6,12 1,500.00","2,5,6,12 3,591.00","5,12,6,2 41,782.00",,,,,,,,,,,,,,,,,,15.00,NOT WIN,NOT WIN,HV,1,20160120,11,9,71.7,S432,12>12>9,119,DSS,SWY,8.25,1045,16.0,8,,
http://racing.hkjc.com/racing/Info/Meeting/Results/English/Local/20160120/HV/1,338,Class 4,GOOD,"TURF - ""C"" COURSE",1200,70.37,5 17.50,5 11.00,"5,12 84.50","5,12 42.00","5,12,6 4,545.00","5,6,12 1,500.00","2,5,6,12 3,591.00","5,12,6,2 41,782.00",,,,,,,,,,,,,,,,,,15.00,NOT WIN,NOT WIN,HV,1,20160120,7,11,72.19,P112,10>11>11,122,TON,YPF,11.5,1220,72.0,9,,
http://racing.hkjc.com/racing/Info/Meeting/Results/English/Local/20160120/HV/1,338,Class 4,GOOD,"TURF - ""C"" COURSE",1200,70.37,5 17.50,5 11.00,"5,12 84.50","5,12 42.00","5,12,6 4,545.00","5,6,12 1,500.00","2,5,6,12 3,591.00","5,12,6,2 41,782.00",,,,,,,,,,,,,,,,,,15.00,NOT WIN,NOT WIN,HV,1,20160120,12,2,70.5,T140,4>4>2,118,WD,OSP,1.0,1157,12.0,3,,
http://racing.hkjc.com/racing/Info/Meeting/Results/English/Local/20160120/HV/1,338,Class 4,GOOD,"TURF - ""C"" COURSE",1200,70.37,5 17.50,5 11.00,"5,12 84.50","5,12 42.00","5,12,6 4,545.00","5,6,12 1,500.00","2,5,6,12 3,591.00","5,12,6,2 41,782.00",,,,,,,,,,,,,,,,,,15.00,NOT WIN,NOT WIN,HV,1,20160120,2,4,70.85,T258,7>6>4,126,WJH,NTK,3.0,1115,12.0,6,,
http://racing.hkjc.com/racing/Info/Meeting/Results/English/Local/20160120/HV/1,338,Class 4,GOOD,"TURF - ""C"" COURSE",1200,70.37,5 17.50,5 11.00,"5,12 84.50","5,12 42.00","5,12,6 4,545.00","5,6,12 1,500.00","2,5,6,12 3,591.00","5,12,6,2 41,782.00",,,,,,,,,,,,,,,,,,15.00,NOT WIN,NOT WIN,HV,1,20160120,9,6,71.17,S252,6>5>6,123,LHW,HL,5.0,1144,41.0,2,,
http://racing.hkjc.com/racing/Info/Meeting/Results/English/Local/20160120/HV/1,338,Class 4,GOOD,"TURF - ""C"" COURSE",1200,70.37,5 17.50,5 11.00,"5,12 84.50","5,12 42.00","5,12,6 4,545.00","5,6,12 1,500.00","2,5,6,12 3,591.00","5,12,6,2 41,782.00",,,,,,,,,,,,,,,,,,15.00,NOT WIN,NOT WIN,HV,1,20160120,8,8,71.36,N337,1>1>8,122,LDE,CD,6.25,1230,28.0,4,,
http://racing.hkjc.com/racing/Info/Meeting/Results/English/Local/20160120/HV/1,338,Class 4,GOOD,"TURF - ""C"" COURSE",1200,70.37,5 17.50,5 11.00,"5,12 84.50","5,12 42.00","5,12,6 4,545.00","5,6,12 1,500.00","2,5,6,12 3,591.00","5,12,6,2 41,782.00",,,,,,,,,,,,,,,,,,15.00,NOT WIN,NOT WIN,HV,1,20160120,4,10,71.84,V084,11>10>10,127,MG,MKL,9.25,1102,38.0,5,,
http://racing.hkjc.com/racing/Info/Meeting/Results/English/Local/20160120/HV/1,338,Class 4,GOOD,"TURF - ""C"" COURSE",1200,70.37,5 17.50,5 11.00,"5,12 84.50","5,12 42.00","5,12,6 4,545.00","5,6,12 1,500.00","2,5,6,12 3,591.00","5,12,6,2 41,782.00",,,,,,,,,,,,,,,,,,15.00,NOT WIN,NOT WIN,HV,1,20160120,10,12,72.35,T319,5>8>12,122,PB,YCH,12.5,1068,9.4,7,,
http://racing.hkjc.com/racing/Info/Meeting/Results/English/Local/20160120/HV/2,339,Class 4,GOOD,"TURF - ""C"" COURSE",1650,101.66,7 39.00,7 15.00,"5,7 96.00","5,7 36.50","7,5,10 884.00","5,7,10 178.00","4,5,7,10 355.00","7,5,10,4 5,192.00",,,,,,,,,5/7 59.50,,,,,,,,,23.50,NOT WIN,NOT WIN,HV,2,20160120,7,1,101.66,M326,3>3>2>1,124,MR,TYS,0.0,1116,3.9,2,,
http://racing.hkjc.com/racing/Info/Meeting/Results/English/Local/20160120/HV/2,339,Class 4,GOOD,"TURF - ""C"" COURSE",1650,101.66,7 39.00,7 15.00,"5,7 96.00","5,7 36.50","7,5,10 884.00","5,7,10 178.00","4,5,7,10 355.00","7,5,10,4 5,192.00",,,,,,,,,5/7 59.50,,,,,,,,,23.50,NOT WIN,NOT WIN,HV,2,20160120,10,3,101.74,S376,6>5>3>3,121,MOJ,SJJ,0.5,1042,5.9,6,,
http://racing.hkjc.com/racing/Info/Meeting/Results/English/Local/20160120/HV/2,339,Class 4,GOOD,"TURF - ""C"" COURSE",1650,101.66,7 39.00,7 15.00,"5,7 96.00","5,7 36.50","7,5,10 884.00","5,7,10 178.00","4,5,7,10 355.00","7,5,10,4 5,192.00",,,,,,,,,5/7 59.50,,,,,,,,,23.50,NOT WIN,NOT WIN,HV,2,20160120,3,5,102.33,M329,12>12>11>5,131,MG,HAD,4.25,1067,28.0,10,,
http://racing.hkjc.com/racing/Info/Meeting/Results/English/Local/20160120/HV/2,339,Class 4,GOOD,"TURF - ""C"" COURSE",1650,101.66,7 39.00,7 15.00,"5,7 96.00","5,7 36.50","7,5,10 884.00","5,7,10 178.00","4,5,7,10 355.00","7,5,10,4 5,192.00",,,,,,,,,5/7 59.50,,,,,,,,,23.50,NOT WIN,NOT WIN,HV,2,20160120,1,7,102.59,S237,5>6>6>7,132,CAN,SCS,5.75,1136,15.0,11,,
http://racing.hkjc.com/racing/Info/Meeting/Results/English/Local/20160120/HV/2,339,Class 4,GOOD,"TURF - ""C"" COURSE",1650,101.66,7 39.00,7 15.00,"5,7 96.00","5,7 36.50","7,5,10 884.00","5,7,10 178.00","4,5,7,10 355.00","7,5,10,4 5,192.00",,,,,,,,,5/7 59.50,,,,,,,,,23.50,NOT WIN,NOT WIN,HV,2,20160120,2,9,102.72,T111,9>8>7>9,131,PB,SWY,6.75,948,6.9,3,,
http://racing.hkjc.com/racing/Info/Meeting/Results/English/Local/20160120/HV/2,339,Class 4,GOOD,"TURF - ""C"" COURSE",1650,101.66,7 39.00,7 15.00,"5,7 96.00","5,7 36.50","7,5,10 884.00","5,7,10 178.00","4,5,7,10 355.00","7,5,10,4 5,192.00",,,,,,,,,5/7 59.50,,,,,,,,,23.50,NOT WIN,NOT WIN,HV,2,20160120,8,11,103.53,P343,10>11>12>11,123,SCC,LKW,11.75,1172,73.0,12,,
http://racing.hkjc.com/racing/Info/Meeting/Results/English/Local/20160120/HV/2,339,Class 4,GOOD,"TURF - ""C"" COURSE",1650,101.66,7 39.00,7 15.00,"5,7 96.00","5,7 36.50","7,5,10 884.00","5,7,10 178.00","4,5,7,10 355.00","7,5,10,4 5,192.00",,,,,,,,,5/7 59.50,,,,,,,,,23.50,NOT WIN,NOT WIN,HV,2,20160120,5,2,101.7,P145,1>1>1>2,128,DSS,YPF,0.3,1201,6.0,1,,
http://racing.hkjc.com/racing/Info/Meeting/Results/English/Local/20160120/HV/2,339,Class 4,GOOD,"TURF - ""C"" COURSE",1650,101.66,7 39.00,7 15.00,"5,7 96.00","5,7 36.50","7,5,10 884.00","5,7,10 178.00","4,5,7,10 355.00","7,5,10,4 5,192.00",,,,,,,,,5/7 59.50,,,,,,,,,23.50,NOT WIN,NOT WIN,HV,2,20160120,4,4,102.01,T055,11>10>9>4,129,RN,FD,2.25,1019,6.0,9,,
http://racing.hkjc.com/racing/Info/Meeting/Results/English/Local/20160120/HV/2,339,Class 4,GOOD,"TURF - ""C"" COURSE",1650,101.66,7 39.00,7 15.00,"5,7 96.00","5,7 36.50","7,5,10 884.00","5,7,10 178.00","4,5,7,10 355.00","7,5,10,4 5,192.00",,,,,,,,,5/7 59.50,,,,,,,,,23.50,NOT WIN,NOT WIN,HV,2,20160120,12,6,102.44,S051,4>4>5>6,113,TON,NTK,4.75,1167,70.0,7,,
http://racing.hkjc.com/racing/Info/Meeting/Results/English/Local/20160120/HV/2,339,Class 4,GOOD,"TURF - ""C"" COURSE",1650,101.66,7 39.00,7 15.00,"5,7 96.00","5,7 36.50","7,5,10 884.00","5,7,10 178.00","4,5,7,10 355.00","7,5,10,4 5,192.00",,,,,,,,,5/7 59.50,,,,,,,,,23.50,NOT WIN,NOT WIN,HV,2,20160120,11,8,102.67,M347,7>7>8>8,113,NGA,CAS,6.25,1159,17.0,4,,
http://racing.hkjc.com/racing/Info/Meeting/Results/English/Local/20160120/HV/2,339,Class 4,GOOD,"TURF - ""C"" COURSE",1650,101.66,7 39.00,7 15.00,"5,7 96.00","5,7 36.50","7,5,10 884.00","5,7,10 178.00","4,5,7,10 355.00","7,5,10,4 5,192.00",,,,,,,,,5/7 59.50,,,,,,,,,23.50,NOT WIN,NOT WIN,HV,2,20160120,9,10,102.99,S113,8>9>10>10,122,LHW,LAL,8.25,1125,9.4,5,,
http://racing.hkjc.com/racing/Info/Meeting/Results/English/Local/20160120/HV/2,339,Class 4,GOOD,"TURF - ""C"" COURSE",1650,101.66,7 39.00,7 15.00,"5,7 96.00","5,7 36.50","7,5,10 884.00","5,7,10 178.00","4,5,7,10 355.00","7,5,10,4 5,192.00",,,,,,,,,5/7 59.50,,,,,,,,,23.50,NOT WIN,NOT WIN,HV,2,20160120,6,12,103.96,L247,2>2>4>12,121,WJH,CCW,14.25,1153,55.0,8,,
http://racing.hkjc.com/racing/Info/Meeting/Results/English/Local/20160120/HV/4,341,Class 4,GOOD TO YIELDING,"TURF - ""C"" COURSE",1200,71.3,1 32.50,1 14.00,"1,3 58.50","1,3 28.50","1,3,2 1,062.00","1,2,3 279.00","1,2,3,10 636.00","1,3,2,10 7,223.00",,,,,,,"6/1,6 89.50",,,,"4,6,12/2,3>1,6 7,171.00",,,,,,,NOT WIN,21.00,NOT WIN,HV,4,20160120,1,1,71.3,S431,1>1>1,131,YML,TYS,0.0,1163,3.2,6,,
http://racing.hkjc.com/racing/Info/Meeting/Results/English/Local/20160120/HV/4,341,Class 4,GOOD TO YIELDING,"TURF - ""C"" COURSE",1200,71.3,1 32.50,1 14.00,"1,3 58.50","1,3 28.50","1,3,2 1,062.00","1,2,3 279.00","1,2,3,10 636.00","1,3,2,10 7,223.00",,,,,,,"6/1,6 89.50",,,,"4,6,12/2,3>1,6 7,171.00",,,,,,,NOT WIN,21.00,NOT WIN,HV,4,20160120,2,3,71.74,P097,8>8>3,130,MR,FD,2.75,1105,17.0,9,,
http://racing.hkjc.com/racing/Info/Meeting/Results/English/Local/20160120/HV/4,341,Class 4,GOOD TO YIELDING,"TURF - ""C"" COURSE",1200,71.3,1 32.50,1 14.00,"1,3 58.50","1,3 28.50","1,3,2 1,062.00","1,2,3 279.00","1,2,3,10 636.00","1,3,2,10 7,223.00",,,,,,,"6/1,6 89.50",,,,"4,6,12/2,3>1,6 7,171.00",,,,,,,NOT WIN,21.00,NOT WIN,HV,4,20160120,5,5,71.85,V011,5>5>5,124,MOJ,FC,3.5,1097,3.5,4,,
http://racing.hkjc.com/racing/Info/Meeting/Results/English/Local/20160120/HV/4,341,Class 4,GOOD TO YIELDING,"TURF - ""C"" COURSE",1200,71.3,1 32.50,1 14.00,"1,3 58.50","1,3 28.50","1,3,2 1,062.00","1,2,3 279.00","1,2,3,10 636.00","1,3,2,10 7,223.00",,,,,,,"6/1,6 89.50",,,,"4,6,12/2,3>1,6 7,171.00",,,,,,,NOT WIN,21.00,NOT WIN,HV,4,20160120,12,7,72.1,N186,9>9>7,117,SCC,SA,5.0,989,26.0,7,,
http://racing.hkjc.com/racing/Info/Meeting/Results/English/Local/20160120/HV/4,341,Class 4,GOOD TO YIELDING,"TURF - ""C"" COURSE",1200,71.3,1 32.50,1 14.00,"1,3 58.50","1,3 28.50","1,3,2 1,062.00","1,2,3 279.00","1,2,3,10 636.00","1,3,2,10 7,223.00",,,,,,,"6/1,6 89.50",,,,"4,6,12/2,3>1,6 7,171.00",,,,,,,NOT WIN,21.00,NOT WIN,HV,4,20160120,4,9,72.82,P257,7>7>9,126,MG,MKL,9.5,991,8.8,2,,
http://racing.hkjc.com/racing/Info/Meeting/Results/English/Local/20160120/HV/4,341,Class 4,GOOD TO YIELDING,"TURF - ""C"" COURSE",1200,71.3,1 32.50,1 14.00,"1,3 58.50","1,3 28.50","1,3,2 1,062.00","1,2,3 279.00","1,2,3,10 636.00","1,3,2,10 7,223.00",,,,,,,"6/1,6 89.50",,,,"4,6,12/2,3>1,6 7,171.00",,,,,,,NOT WIN,21.00,NOT WIN,HV,4,20160120,8,11,72.84,T288,10>10>11,120,CYT,CCW,9.75,1026,99.0,11,,
http://racing.hkjc.com/racing/Info/Meeting/Results/English/Local/20160120/HV/4,341,Class 4,GOOD TO YIELDING,"TURF - ""C"" COURSE",1200,71.3,1 32.50,1 14.00,"1,3 58.50","1,3 28.50","1,3,2 1,062.00","1,2,3 279.00","1,2,3,10 636.00","1,3,2,10 7,223.00",,,,,,,"6/1,6 89.50",,,,"4,6,12/2,3>1,6 7,171.00",,,,,,,NOT WIN,21.00,NOT WIN,HV,4,20160120,6,WV,None,S313,,121,DSS,SWY,None,1154,None,---,,
http://racing.hkjc.com/racing/Info/Meeting/Results/English/Local/20160120/HV/4,341,Class 4,GOOD TO YIELDING,"TURF - ""C"" COURSE",1200,71.3,1 32.50,1 14.00,"1,3 58.50","1,3 28.50","1,3,2 1,062.00","1,2,3 279.00","1,2,3,10 636.00","1,3,2,10 7,223.00",,,,,,,"6/1,6 89.50",,,,"4,6,12/2,3>1,6 7,171.00",,,,,,,NOT WIN,21.00,NOT WIN,HV,4,20160120,3,2,71.36,T324,4>3>2,126,CAN,CAS,0.3,1092,4.2,3,,
http://racing.hkjc.com/racing/Info/Meeting/Results/English/Local/20160120/HV/4,341,Class 4,GOOD TO YIELDING,"TURF - ""C"" COURSE",1200,71.3,1 32.50,1 14.00,"1,3 58.50","1,3 28.50","1,3,2 1,062.00","1,2,3 279.00","1,2,3,10 636.00","1,3,2,10 7,223.00",,,,,,,"6/1,6 89.50",,,,"4,6,12/2,3>1,6 7,171.00",,,,,,,NOT WIN,21.00,NOT WIN,HV,4,20160120,10,4,71.74,S329,3>4>4,119,WD,WS,2.75,1074,14.0,10,,
http://racing.hkjc.com/racing/Info/Meeting/Results/English/Local/20160120/HV/4,341,Class 4,GOOD TO YIELDING,"TURF - ""C"" COURSE",1200,71.3,1 32.50,1 14.00,"1,3 58.50","1,3 28.50","1,3,2 1,062.00","1,2,3 279.00","1,2,3,10 636.00","1,3,2,10 7,223.00",,,,,,,"6/1,6 89.50",,,,"4,6,12/2,3>1,6 7,171.00",,,,,,,NOT WIN,21.00,NOT WIN,HV,4,20160120,9,6,71.88,S239,2>2>6,120,PB,LAL,3.75,1098,16.0,8,,
http://racing.hkjc.com/racing/Info/Meeting/Results/English/Local/20160120/HV/4,341,Class 4,GOOD TO YIELDING,"TURF - ""C"" COURSE",1200,71.3,1 32.50,1 14.00,"1,3 58.50","1,3 28.50","1,3,2 1,062.00","1,2,3 279.00","1,2,3,10 636.00","1,3,2,10 7,223.00",,,,,,,"6/1,6 89.50",,,,"4,6,12/2,3>1,6 7,171.00",,,,,,,NOT WIN,21.00,NOT WIN,HV,4,20160120,11,8,72.31,T042,6>6>8,116,LDE,CD,6.25,1079,24.0,1,,
http://racing.hkjc.com/racing/Info/Meeting/Results/English/Local/20160120/HV/4,341,Class 4,GOOD TO YIELDING,"TURF - ""C"" COURSE",1200,71.3,1 32.50,1 14.00,"1,3 58.50","1,3 28.50","1,3,2 1,062.00","1,2,3 279.00","1,2,3,10 636.00","1,3,2,10 7,223.00",,,,,,,"6/1,6 89.50",,,,"4,6,12/2,3>1,6 7,171.00",,,,,,,NOT WIN,21.00,NOT WIN,HV,4,20160120,7,10,72.84,T343,11>11>10,119,HCY,YCH,9.75,1209,99.0,5,,
http://racing.hkjc.com/racing/Info/Meeting/Results/English/Local/20160120/HV/4,341,Class 4,GOOD TO YIELDING,"TURF - ""C"" COURSE",1200,71.3,1 32.50,1 14.00,"1,3 58.50","1,3 28.50","1,3,2 1,062.00","1,2,3 279.00","1,2,3,10 636.00","1,3,2,10 